variant,target,feature,linear_coef,lightgbm_mean_abs_shap
B,home_win,elo_logit,0.26504296207787614,0.14936170308944277
B,home_win,diff_rapm_total,0.28140588329653315,0.16952293125024154
B,home_win,diff_rapm_defence,-0.3164265979084819,0.1995402748387031
B,home_win,diff_rapm_vs_usual,0.1789197875729333,0.02140689871321624
B,home_win,team_margin,0.2345624366135198,0.11486443883161954
B,home_win,diff_form_points_for,,0.021299185332421058
B,home_win,diff_form_points_against,,0.025380698827153058
B,home_win,diff_form_completion_rate,,0.018350844912358576
B,home_win,diff_form_possession_pct,,0.005106671749263119
B,home_win,diff_form_all_run_metres,,0.014524116782445662
B,home_win,diff_form_post_contact_metres,,0.020322279635405047
B,home_win,diff_form_line_breaks,,0.03473425336976
B,home_win,diff_form_tackle_breaks,,0.009587655318699397
B,home_win,diff_form_errors,,0.013762506301887825
B,home_win,diff_form_penalties_conceded,,0.04777670522021632
B,home_win,diff_form_missed_tackles,,0.02182753483737379
B,home_win,diff_rest_days,,0.012766420620298901
B,home_win,home_travel,,0.0
B,home_win,away_travel,,0.0
B,home_win,neutral,,0.007502504645518602
B,home_win,away_at_ground,,0.0
B,home_win,is_final,,0.0
B,home_win,diff_short_turnaround,,0.0
B,home_win,diff_after_bye,,0.0
B,home_win,origin_period,,0.0
B,home_win,wet_conditions,,0.0
B,home_win,diff_rating_total,,0.011883513455152959
B,home_win,diff_rating_spine,,0.04791659938163819
B,home_win,diff_rating_forwards,,0.021948079992677713
B,home_win,diff_rating_backs,,0.04084018083275035
B,home_win,diff_rating_bench,,0.054155746051573916
B,home_win,diff_spine_vs_usual,,0.040305252247834815
B,home_win,diff_spine_changes,,0.0
B,home_win,diff_halfback_changed,,0.0
B,home_win,diff_rookies,,0.0
B,home_win,diff_missing_usual,,0.015363489312914156
B,home_win,diff_missing_usual_rating,,0.031664518267904854
B,home_win,diff_ins_forwards,,0.0
B,home_win,diff_ins_backs,,0.0
B,home_win,diff_ins_bench,,0.004412967994729909
B,home_win,diff_returning,,0.0
B,home_win,diff_kicker_changed,,0.0
B,home_win,diff_rapm_missing,,0.02005481728706774
B,home_win,diff_origin_backup,,0.0
B,home_win,diff_origin_out,,0.0
B,home_win,diff_rapm_attack,,0.05334037981561911
B,home_win,rapm_points,,0.0357582210031628
B,margin,elo_logit,4.507328442117764,2.1115712907975825
B,margin,diff_rapm_total,3.687879320435355,0.7024902430198043
B,margin,diff_rapm_defence,-2.1220946395949274,2.1981090463094453
B,margin,diff_rapm_vs_usual,2.3549412947421104,0.15322701996932755
B,margin,team_margin,,1.0460743520466902
B,margin,diff_form_points_for,,0.061301206088273975
B,margin,diff_form_points_against,,0.9727401288713603
B,margin,diff_form_completion_rate,,0.1155117702419429
B,margin,diff_form_possession_pct,,0.10343034139733692
B,margin,diff_form_all_run_metres,,0.0339772390585944
B,margin,diff_form_post_contact_metres,,0.012471406991935621
B,margin,diff_form_line_breaks,,0.3359518690683408
B,margin,diff_form_tackle_breaks,,0.020839132081074845
B,margin,diff_form_errors,,0.024389383047173994
B,margin,diff_form_penalties_conceded,,0.07692844519388313
B,margin,diff_form_missed_tackles,,0.06701928951136331
B,margin,diff_rest_days,,0.13752559745324253
B,margin,home_travel,,0.00983975996984258
B,margin,away_travel,,0.0
B,margin,neutral,,0.0059516682798768416
B,margin,away_at_ground,,0.0
B,margin,is_final,,0.0
B,margin,diff_short_turnaround,,0.0
B,margin,diff_after_bye,,0.0
B,margin,origin_period,,0.0
B,margin,wet_conditions,,0.0
B,margin,diff_rating_total,,0.20198435610695714
B,margin,diff_rating_spine,,0.17646177490353018
B,margin,diff_rating_forwards,,0.23626191970255114
B,margin,diff_rating_backs,,0.9017665823629927
B,margin,diff_rating_bench,,0.2526523207974119
B,margin,diff_spine_vs_usual,,0.1316034197549504
B,margin,diff_spine_changes,,0.017718159254212322
B,margin,diff_halfback_changed,,0.0
B,margin,diff_rookies,,0.09883453367937446
B,margin,diff_missing_usual,,0.069191015654575
B,margin,diff_missing_usual_rating,,0.3904527336119497
B,margin,diff_ins_forwards,,0.0
B,margin,diff_ins_backs,,0.011972475152071652
B,margin,diff_ins_bench,,0.008254547048992684
B,margin,diff_returning,,0.05316228430805678
B,margin,diff_kicker_changed,,0.0
B,margin,diff_rapm_missing,,0.16709756073997506
B,margin,diff_origin_backup,,0.0
B,margin,diff_origin_out,,0.0
B,margin,diff_rapm_attack,,0.19433425537923332
B,margin,rapm_points,,0.04794461340019697
A,home_win,elo_logit,0.10932378873958808,0.04230000176890676
A,home_win,diff_rapm_total,0.13134772176842277,0.2350132013137822
A,home_win,diff_rapm_defence,-0.24600114012681265,0.16339955958488941
A,home_win,diff_rapm_vs_usual,0.18639993233782312,0.006478860110724187
A,home_win,team_margin,0.13706594908479652,0.11897827232700539
A,home_win,open_logit,0.23996278167687524,0.1493612432738972
A,home_win,open_line,-0.28585076178689117,0.09154603354300586
A,home_win,open_total,-0.024698302327971607,0.0
A,home_win,diff_form_points_for,,0.011265149359895007
A,home_win,diff_form_points_against,,0.015912665953798887
A,home_win,diff_form_completion_rate,,0.0
A,home_win,diff_form_possession_pct,,0.0077537191362252594
A,home_win,diff_form_all_run_metres,,0.011432765477873018
A,home_win,diff_form_post_contact_metres,,0.015982165562298502
A,home_win,diff_form_line_breaks,,0.028990174200038802
A,home_win,diff_form_tackle_breaks,,0.015022875372628976
A,home_win,diff_form_errors,,0.006967092575469076
A,home_win,diff_form_penalties_conceded,,0.04434838466197632
A,home_win,diff_form_missed_tackles,,0.005860708264258119
A,home_win,diff_rest_days,,0.02120364382022941
A,home_win,home_travel,,0.0
A,home_win,away_travel,,0.0
A,home_win,neutral,,0.0
A,home_win,away_at_ground,,0.0
A,home_win,is_final,,0.0
A,home_win,diff_short_turnaround,,0.0
A,home_win,diff_after_bye,,0.0
A,home_win,origin_period,,0.0
A,home_win,wet_conditions,,0.0
A,home_win,diff_rating_total,,0.01637301624885877
A,home_win,diff_rating_spine,,0.015147283514498766
A,home_win,diff_rating_forwards,,0.01799734116381555
A,home_win,diff_rating_backs,,0.0531477502520778
A,home_win,diff_rating_bench,,0.01460120231810809
A,home_win,diff_spine_vs_usual,,0.0404886746905443
A,home_win,diff_spine_changes,,0.010750010744018271
A,home_win,diff_halfback_changed,,0.0
A,home_win,diff_rookies,,0.008535980067229701
A,home_win,diff_missing_usual,,0.0
A,home_win,diff_missing_usual_rating,,0.039621370108415564
A,home_win,diff_ins_forwards,,0.0
A,home_win,diff_ins_backs,,0.0
A,home_win,diff_ins_bench,,0.0
A,home_win,diff_returning,,0.0
A,home_win,diff_kicker_changed,,0.0
A,home_win,diff_rapm_missing,,0.0
A,home_win,diff_origin_backup,,0.0
A,home_win,diff_origin_out,,0.0
A,home_win,diff_rapm_attack,,0.020842652522314088
A,home_win,rapm_points,,0.03636617090802189
A,margin,elo_logit,1.7802186566115303,1.1577398419188234
A,margin,diff_rapm_total,1.6724123160511524,0.17883878439935033
A,margin,diff_rapm_defence,-1.518625443717837,1.4862021627975794
A,margin,diff_rapm_vs_usual,2.3095044254857666,0.1693968942198038
A,margin,open_logit,2.8772716891141523,1.9109943302499126
A,margin,open_line,-3.095918897694262,0.6722031090433752
A,margin,open_total,0.239923048137711,0.12503731233521614
A,margin,team_margin,,0.3937218010918891
A,margin,diff_form_points_for,,0.08441909289611835
A,margin,diff_form_points_against,,0.8542857643975904
A,margin,diff_form_completion_rate,,0.05006984292712537
A,margin,diff_form_possession_pct,,0.17222729190769634
A,margin,diff_form_all_run_metres,,0.06991935024330496
A,margin,diff_form_post_contact_metres,,0.038152153740644845
A,margin,diff_form_line_breaks,,0.1309442183397441
A,margin,diff_form_tackle_breaks,,0.10332967820462179
A,margin,diff_form_errors,,0.09403967440301596
A,margin,diff_form_penalties_conceded,,0.14643363649592891
A,margin,diff_form_missed_tackles,,0.20164312709583124
A,margin,diff_rest_days,,0.14150798438177084
A,margin,home_travel,,0.0
A,margin,away_travel,,0.0
A,margin,neutral,,0.0
A,margin,away_at_ground,,0.0
A,margin,is_final,,0.0
A,margin,diff_short_turnaround,,0.0
A,margin,diff_after_bye,,0.0
A,margin,origin_period,,0.0
A,margin,wet_conditions,,0.0
A,margin,diff_rating_total,,0.26563644000454706
A,margin,diff_rating_spine,,0.22290041925604473
A,margin,diff_rating_forwards,,0.22578140336224198
A,margin,diff_rating_backs,,0.5674352760794339
A,margin,diff_rating_bench,,0.31171417790103007
A,margin,diff_spine_vs_usual,,0.18288033287109698
A,margin,diff_spine_changes,,0.0468162844330604
A,margin,diff_halfback_changed,,0.0
A,margin,diff_rookies,,0.10954396039885847
A,margin,diff_missing_usual,,0.056018292508366936
A,margin,diff_missing_usual_rating,,0.1475893280068873
A,margin,diff_ins_forwards,,0.0
A,margin,diff_ins_backs,,0.0
A,margin,diff_ins_bench,,0.0
A,margin,diff_returning,,0.06303666940029715
A,margin,diff_kicker_changed,,0.0
A,margin,diff_rapm_missing,,0.09625066648054889
A,margin,diff_origin_backup,,0.0
A,margin,diff_origin_out,,0.0
A,margin,diff_rapm_attack,,0.2055344131905416
A,margin,rapm_points,,0.1265732178975844
