match_id,season,round_title,home_team,away_team,home_score,away_score,home_win,margin,total,elo_prob,p_open,p_close,p_avg,B|linear|home_win,B|lightgbm|home_win,B|ensemble|home_win,B|linear|margin,B|lightgbm|margin,B|ensemble|margin,B|linear|total,B|lightgbm|total,B|ensemble|total,A|linear|home_win,A|lightgbm|home_win,A|ensemble|home_win,A|linear|margin,A|lightgbm|margin,A|ensemble|margin,A|linear|total,A|lightgbm|total,A|ensemble|total
20251110110,2025,Round 1,Raiders,Warriors,30,8,1,22,38,0.4926873526600429,0.3658536585365854,,0.4343434343434343,0.521130099014993,0.5942479294301466,0.5576890142225698,-0.6988063663187356,1.813211869107546,0.5572027513944052,44.93296215994193,45.41544053001722,45.17420134497958,0.441464851272366,0.5749054854755504,0.5081851683739582,-4.545645058966698,1.6878007086242115,-1.428922175171243,44.81105129568322,45.06366691977685,44.93735910773003
20251110120,2025,Round 1,Panthers,Sharks,28,22,1,6,50,0.5870937623458414,0.6030150753768844,,0.566750629722922,0.5937385497244317,0.657242771137667,0.6254906604310494,2.1224847427435756,5.63500535182291,3.8787450472832425,43.88423773097766,42.556672699412466,43.22045521519506,0.6295354404297286,0.69070372262807,0.6601195815288994,2.911289512607885,9.36468678634816,6.137988149478023,41.96943956924173,42.40576020884175,42.187599889041735
20251110130,2025,Round 1,Roosters,Broncos,14,50,0,-36,64,0.6832836577999251,0.4736842105263157,,0.2995689655172413,0.6661579484519391,0.6808475967767929,0.673502772614366,5.719661851547684,7.048847753577416,6.38425480256255,41.195067917294985,41.34254022885511,41.268804073075046,0.5675943697596953,0.5787234239246446,0.5731588968421699,0.4858628634775739,-0.4398925205958307,0.022985171440871588,39.13617583897668,41.24613112307083,40.19115348102376
20251110140,2025,Round 1,Wests Tigers,Knights,8,10,0,-2,18,0.4248738294311447,0.5584415584415584,,0.4094292803970223,0.5647665039835262,0.4617777901712895,0.5132721470774079,2.0287394512132693,-7.557116732630882,-2.7641886407088063,40.212562996619155,41.66624312963624,40.9394030631277,0.6135655228556612,0.49919314855785146,0.5563793357067564,4.198214776864088,-7.716942684333807,-1.7593639537348595,38.156229715410724,42.62542514321921,40.39082742931497
20251110150,2025,Round 1,Rabbitohs,Dolphins,16,14,1,2,30,0.4553375457356151,0.6125,,0.517948717948718,0.5323670778979538,0.5280860700031537,0.5302265739505537,0.012009947621983041,-2.851597900187616,-1.4197939762828165,45.536920650005975,45.57914045175461,45.55803055088029,0.6112928393658861,0.5621040119200879,0.586698425642987,3.4495012760192507,3.134098245479603,3.291799760749427,45.305587541818696,44.73251239705116,45.01904996943493
20251110160,2025,Round 1,Dragons,Bulldogs,20,28,0,-8,48,0.511905803679852,0.2708333333333333,,0.4175,0.5289255087249746,0.5338004144318088,0.5313629615783917,0.004582118051019268,0.09805759671262737,0.05131985738182332,44.98434321178779,44.26192118581005,44.62313219879892,0.39514200654874176,0.4309257423179523,0.41303387443334705,-6.315480103666626,-7.908432448904858,-7.111956276285742,44.11715649359415,42.24541944030882,43.18128796695149
20251110170,2025,Round 1,Sea Eagles,Cowboys,42,12,1,30,54,0.5367257396266248,0.5949367088607596,,0.6859688195991093,0.6006704404896883,0.5533693448841326,0.5770198926869105,2.9425004181255714,-0.5806497206530492,1.180925348736261,46.07733907458751,45.44012940555415,45.75873424007084,0.6412729550009014,0.5873840904709984,0.6143285227359498,4.877129013650103,0.5202169868300497,2.6986730002400767,45.7034367899467,45.53824387660826,45.620840333277485
20251110180,2025,Round 1,Storm,Eels,56,18,1,38,74,0.7618093904252436,0.7619047619047619,,0.8802197802197802,0.7917795210413038,0.7516287799796162,0.77170415051046,12.506387077096232,14.806829416308947,13.65660824670259,45.87923797943737,44.07134837328755,44.975293176362456,0.8076051845303055,0.7529929300538928,0.7802990572920991,13.209903031698316,13.036140238959126,13.12302163532872,44.88313257762384,44.27093538003057,44.5770339788272
20251110210,2025,Round 2,Knights,Dolphins,26,12,1,14,38,0.612252931418171,0.5897435897435896,,0.6112469437652811,0.6509991857883558,0.6909291581296513,0.6709641719590036,4.692632110834503,7.70641463468015,6.1995233727573265,42.966267151405056,43.094130732245766,43.03019894182541,0.6458556649002619,0.6747529329276761,0.660304298913969,4.539220078313196,9.58610630686406,7.062663192588628,44.77372924420072,45.54194725654798,45.157838250374354
20251110220,2025,Round 2,Warriors,Sea Eagles,36,16,1,20,52,0.4496539297614124,0.3493975903614458,,0.2747933884297521,0.40204201603716766,0.38629588038290447,0.39416894821003606,-6.385065901167744,-4.8665100062075,-5.625787953687622,45.44576805784012,46.22874261803974,45.83725533793993,0.3387329637985427,0.3554799577958109,0.3471064607971768,-8.711179956527838,-5.825905766545089,-7.268542861536464,48.58392899750181,45.717877517338074,47.15090325741994
20251110230,2025,Round 2,Panthers,Roosters,32,38,0,-6,70,0.6934143373203343,0.8426966292134831,,0.9066079295154184,0.8312227690512196,0.7862805415572329,0.8087516553042262,15.29042212747748,9.453545567366168,12.371983847421824,45.46333200440688,44.07134837328755,44.767340188847214,0.8840255256683381,0.8039361964000427,0.8439808610341903,20.468779351762006,13.985674907609361,17.227227129685684,46.83560503898313,45.35519744097408,46.09540123997861
20251110240,2025,Round 2,Dragons,Rabbitohs,24,25,0,-1,49,0.5614417339181874,0.6506024096385543,,0.6697038724373577,0.5202839563204992,0.5523008672442427,0.5362924117823709,-0.6355177475269924,4.102622355987044,1.7335523042300256,44.999833199692915,45.2413532373074,45.12059321850016,0.5925856929512976,0.6525561881217894,0.6225709405365435,3.2227622221304797,5.26285699924451,4.242809610687495,48.59858107240433,46.191830584002275,47.3952058282033
20251110250,2025,Round 2,Cowboys,Sharks,12,36,0,-24,48,0.5410700485095606,0.3627450980392157,,0.2854122621564482,0.4431018278486807,0.49360244466064523,0.468352136254663,-4.1384734802585585,-0.370414409103233,-2.254443944680896,45.73986785578692,44.58600739630448,45.162937626045704,0.35123649626240916,0.4656375814722118,0.4084370388673105,-7.763588451349294,-4.198108374166037,-5.980848412757666,49.79727630884666,45.88961092336776,47.84344361610721
20251110260,2025,Round 2,Raiders,Broncos,32,22,1,10,54,0.5321811835735019,0.255533199195171,,0.2272727272727272,0.5346205861126028,0.6134825454081504,0.5740515657603766,-0.6722076979122509,3.2263395357065194,1.2770659188971343,45.66970968714136,44.89996060969426,45.28483514841781,0.34819400036175363,0.47748061990942764,0.41283731013559066,-8.438397758685362,-3.568468739896951,-6.003433249291156,50.254739469606044,45.92065099575606,48.08769523268106
20251110270,2025,Round 2,Eels,Wests Tigers,6,32,0,-26,38,0.6554017722899301,0.423076923076923,,0.3925925925925925,0.4728535168409576,0.5270757826023587,0.4999646497216581,-2.6459714657421713,1.5992245463012862,-0.5233734597204426,46.131917139714204,45.029518152875674,45.58071764629494,0.3859991967163869,0.4877761359165597,0.4368876663164733,-6.092357563695417,-1.5211713792508343,-3.8067644714731257,49.23353051133408,46.71640161644517,47.974966063889624
20251110280,2025,Round 2,Bulldogs,Titans,40,24,1,16,64,0.6144764193754522,0.6744186046511629,,0.6786516853932584,0.694873135469657,0.6954868611251612,0.6951799982974092,7.126470832773578,7.545626408888442,7.33604862083101,44.942213860630275,45.12092547601435,45.03156966832231,0.7332809319376744,0.7281365346799673,0.7307087333088209,8.881255374101311,8.869737100764192,8.875496237432753,45.114720439376605,45.89979357732589,45.507257008351246
20251110310,2025,Round 3,Storm,Panthers,30,24,1,6,54,0.5816341046117691,0.6658878504672897,,0.7234927234927235,0.6692326517378009,0.6670210161802874,0.6681268339590442,6.4315585540409055,10.647957917103726,8.539758235572316,41.29530053661093,44.5375146185762,42.91640757759357,0.7047954821409693,0.6930733626602498,0.6989344224006095,7.864636345960255,8.498394130369968,8.181515238165112,40.04748315984867,45.24100232229294,42.644242741070805
20251110320,2025,Round 3,Warriors,Roosters,14,6,1,8,20,0.4595133391967842,0.5468749999999999,,0.5077319587628866,0.630065736586398,0.621436469662286,0.625751103124342,3.8204247858759324,0.8261981706984757,2.323311478287204,46.74912680587363,45.442008134350516,46.09556747011207,0.64455028608782,0.5640473139324108,0.6042988000101154,4.8376182948495305,1.7932507640571902,3.3154345294533605,48.54615073347124,46.18117531211231,47.36366302279177
20251110330,2025,Round 3,Broncos,Cowboys,26,16,1,10,42,0.5670091889112783,0.7769652650822669,,0.8437067773167358,0.695120865531842,0.6215171719526291,0.6583190187422356,7.790403666401633,6.194942289116848,6.9926729777592405,46.706850885648194,47.56965573390101,47.1382533097746,0.7946383933794069,0.7022276795410071,0.748433036460207,14.198115898389462,10.865942844114596,12.53202937125203,49.625523141279594,47.33842484856288,48.48197399492123
20251110340,2025,Round 3,Sharks,Rabbitohs,27,12,1,15,39,0.7173202061962616,0.802675585284281,,0.8245083207261725,0.7358148719101316,0.7185953488869525,0.7272051103985421,9.431689134586822,9.334253041346471,9.382971087966647,44.439314252023536,44.083675272161344,44.26149476209244,0.8075073930990944,0.8031077775887331,0.8053075853439138,14.022871735847358,11.729346366110127,12.876109050978743,45.78371698682725,46.58720427552435,46.1854606311758
20251110350,2025,Round 3,Dolphins,Wests Tigers,18,30,0,-12,48,0.6330334742725608,0.4736842105263157,,0.548469387755102,0.4940721540240983,0.5422045981372635,0.5181383760806809,-2.244396031230548,2.4959092102526403,0.12575658951104618,43.21978307451418,43.07585735631219,43.14782021541319,0.44253826389783985,0.5104322705901482,0.476485267243994,-4.210230652328593,2.8955703689579404,-0.6573301416853263,45.97879119430939,44.92187921156763,45.450335202938504
20251110360,2025,Round 3,Titans,Knights,26,6,1,20,32,0.4427507028092688,0.5,,0.5321336760925449,0.39380121300593696,0.35100857738867447,0.3724048951973057,-5.479112041396157,-8.675331584983477,-7.0772218131898175,39.498207331419216,39.99019036884677,39.74419885013299,0.4220104629246002,0.3320136753143945,0.37701206911949736,-3.3141244637975955,-10.171677971319237,-6.742901217558416,42.33188627840079,45.11034661847991,43.72111644844035
20251110370,2025,Round 3,Eels,Bulldogs,8,16,0,-8,24,0.4177980320712481,0.3658536585365854,,0.3075221238938053,0.3399885282971197,0.32593917270795025,0.33296385050253496,-8.74545456143489,-5.388917678640171,-7.0671861200375306,45.9679530998367,46.353453118342,46.160703109089354,0.3167609018879494,0.31466347742613476,0.31571218965704206,-9.19535696336862,-3.927430952766748,-6.5613939580676846,48.29955074696419,48.00909270002405,48.15432172349412
20251110380,2025,Round 3,Sea Eagles,Raiders,40,12,1,28,52,0.5968533784245168,0.6265356265356266,,0.564885496183206,0.5734738147892067,0.49784699765086277,0.5356604062200347,1.7805760517462013,-1.4995346526495028,0.14052069954834923,45.49011046936063,45.66182042132576,45.57596544534319,0.6141211398695495,0.46918651223423735,0.5416538260518935,3.970055791441051,-0.10122519077383021,1.9344153003336102,47.38571228334554,46.95590769689172,47.17080999011863
20251110410,2025,Round 4,Rabbitohs,Panthers,28,18,1,10,46,0.3567200758704362,0.3,,0.2736625514403292,0.4664063600674423,0.6048710611067465,0.5356387105870943,-2.9793516109011398,0.33863242566652707,-1.3203595926173064,45.07084428408319,46.40779456103196,45.73931942255758,0.3633264769949901,0.6091891733562543,0.4862578251756222,-6.829397846656057,-7.269549312746492,-7.049473579701274,49.19870126789536,48.83691422132976,49.017807744612554
20251110420,2025,Round 4,Roosters,Titans,12,30,0,-18,42,0.7003859700366255,0.6075949367088608,,0.6453900709219859,0.601261281285127,0.6631610966298502,0.6322111889574886,2.5399038881202123,5.104835557640606,3.822369722880409,41.455547261016775,42.05920453612976,41.75737589857327,0.5918515584648915,0.5899996997122746,0.590925629088583,2.728919321555124,5.16010982405095,3.9445145728030373,43.121581754723074,45.419322988813335,44.2704523717682
20251110430,2025,Round 4,Dolphins,Broncos,12,20,0,-8,32,0.4600787276599896,0.2105263157894736,,0.2246376811594202,0.44918712072958905,0.5381914778372643,0.49368929928342664,-4.317645680491539,1.8577989625871318,-1.2299233589522038,40.88536000805118,40.04931190427499,40.46733595616308,0.2800106816363728,0.45205758531150586,0.3660341334739393,-11.611128755913567,-5.816624034525048,-8.713876395219307,44.52560758528735,46.35643033346967,45.44101895937851
20251110440,2025,Round 4,Dragons,Storm,14,8,1,6,22,0.3130020688756693,0.3364928909952606,,0.2890792291220557,0.35352944122283797,0.29625748729051066,0.3248934642566743,-8.10456383211984,-3.964915300041277,-6.0347395660805585,42.18461477121974,48.24629194868904,45.215453359954395,0.3393743006928543,0.3190166635676973,0.32919548213027583,-7.622162440135016,-1.4928615666457161,-4.557512003390366,44.227330703131024,47.87383178832915,46.050581245730086
20251110450,2025,Round 4,Cowboys,Raiders,30,20,1,10,50,0.5822992999793954,0.5,,0.5154639175257731,0.5605465175717774,0.5292470937094638,0.5448968056406206,1.0355288634280417,-1.2736791921645032,-0.11907516436823073,45.74813562181932,44.40674105605278,45.07743833893605,0.5462226145670043,0.4877590320994048,0.5169908233332046,0.7114484083474708,-1.9978733574313923,-0.6432124745419607,46.91998966468339,44.866851138274676,45.893420401479034
20251110460,2025,Round 4,Sharks,Bulldogs,6,20,0,-14,26,0.6269436122674432,0.748502994011976,,0.763157894736842,0.6454708280647365,0.6499734901799925,0.6477221591223645,4.9381569658329365,6.842322533673221,5.8902397497530785,44.365694248979175,44.304709543151425,44.3352018960653,0.7404288763459292,0.7118983234873353,0.7261635999166323,9.805132219793425,7.329505285886046,8.567318752839736,44.39680494591554,45.73182932106521,45.06431713349038
20251110470,2025,Round 4,Sea Eagles,Eels,26,12,1,14,38,0.7343498727068143,0.8116883116883117,,0.8323615160349855,0.8236288604590731,0.7525402257297873,0.7880845430944302,15.507757166387268,14.356558725420468,14.932157945903867,41.55223991677203,43.356040099307215,42.45414000803962,0.8639094559669594,0.7992212689793098,0.8315653624731346,19.369736782668287,17.89238959245759,18.631063187562937,44.25879274112073,44.797246681614,44.528019711367364
20251110480,2025,Round 4,Wests Tigers,Warriors,24,26,0,-2,50,0.4899248850053896,0.5714285714285715,,0.6014851485148515,0.590558752880894,0.5961609438919153,0.5933598483864047,2.7875509933753637,2.638393245766947,2.7129721195711554,38.77407911045398,40.23659300956172,39.50533606000785,0.6221693961484823,0.5681235728466383,0.5951464844975602,4.388370218570701,2.724705524616847,3.556537871593774,39.800516655466126,42.768115992913266,41.284316324189696
20251110510,2025,Round 5,Raiders,Sharks,24,20,1,4,44,0.4528120748679085,0.3658536585365854,,0.3985148514851485,0.43474025449748427,0.4519905902048195,0.4433654223511519,-4.049582552603293,-3.048931195384485,-3.549256873993889,45.01486964067147,45.61411836139614,45.31449400103381,0.39518771362294675,0.5514710963541891,0.4733294049885679,-5.397621279198881,-7.34446796688579,-6.371044623042335,47.00597213812003,45.2580499465509,46.13201104233546
20251110520,2025,Round 5,Panthers,Cowboys,18,22,0,-4,40,0.6746880396399879,0.7769652650822669,,0.7935153583617748,0.6612338181726842,0.7150469385875795,0.6881403783801319,5.39001733719132,7.683662390279515,6.536839863735418,46.717220351312655,46.20850863713639,46.46286449422452,0.7532753770834653,0.8122961553000131,0.7827857661917392,10.450949045094562,11.323528875204213,10.887238960149388,47.98800131840034,45.991761949156896,46.98988163377862
20251110530,2025,Round 5,Rabbitohs,Roosters,20,14,1,6,34,0.5080395199514375,0.5263157894736842,,0.5746835443037974,0.6271279714853777,0.6755731330603685,0.6513505522728731,3.8400931910895073,3.1921424991868497,3.5161178451381785,45.895274367927286,45.6861141934076,45.79069428066744,0.6139123712017244,0.5458949123305603,0.5799036417661423,3.3814563746881308,0.949841847693096,2.1656491111906133,48.064925387464505,47.47970352960466,47.77231445853458
20251110540,2025,Round 5,Eels,Dragons,23,22,1,1,45,0.4895739076194467,0.3875,,0.3762135922330097,0.42064631226220056,0.41138380701214766,0.4160150596371741,-5.121012573424027,-7.283753032457096,-6.202382802940561,44.94927536621204,45.64166566957488,45.29547051789346,0.37839696839950004,0.3914246164377619,0.38491079241863096,-6.376161374365372,-4.30751175182894,-5.341836563097156,48.01432603538821,47.56748195449294,47.79090399494058
20251110550,2025,Round 5,Titans,Dolphins,10,36,0,-26,46,0.6311613200729471,0.6416464891041161,,0.6339712918660287,0.7000637338318193,0.6663699644370251,0.6832168491344222,7.996697894343777,7.299584029181826,7.648140961762802,44.84415641400912,43.92052364265575,44.382340028332436,0.6993970148632923,0.6233200671733189,0.6613585410183056,8.589831552863542,6.294518940268449,7.442175246565995,49.11359228414634,45.476022868932795,47.29480757653957
20251110560,2025,Round 5,Broncos,Wests Tigers,46,24,1,22,70,0.703643278232756,0.7769652650822669,,0.8313782991202346,0.6795141170819321,0.6721718827988917,0.6758429999404119,6.465256506816701,5.332746672195441,5.899001589506071,45.758531397885825,45.68409034509478,45.7213108714903,0.7680430987796039,0.7673426315617028,0.7676928651706534,12.218121287967255,12.119189324149236,12.168655306058245,48.936028893278845,48.10751835203742,48.52177362265813
20251110570,2025,Round 5,Sea Eagles,Storm,24,48,0,-24,72,0.4755800726567905,0.3875,,0.3249999999999999,0.5626443862294945,0.5648383968296657,0.5637413915295801,1.4882255825168258,-3.5978964512066547,-1.0548354343449144,46.574542746948325,45.026264616778775,45.80040368186355,0.48914764039606823,0.5582814209654549,0.5237145306807616,-1.2426961111239443,-1.256120502219034,-1.2494083066714892,49.105648127956975,47.14118367079801,48.12341589937749
20251110580,2025,Round 5,Bulldogs,Knights,20,0,1,20,20,0.6648884519710783,0.6490384615384616,,0.6525821596244131,0.6974182848121969,0.6998575321467118,0.6986379084794543,7.60662747254063,6.907012416364553,7.256819944452592,42.4730000432353,43.16072952599401,42.81686478461465,0.7041058439126315,0.6628883569562318,0.6834971004344317,7.475985674435622,6.597105110266568,7.036545392351095,43.06802548644454,44.07074981938705,43.56938765291579
20251110610,2025,Round 6,Dolphins,Panthers,30,12,1,18,42,0.4046552496107273,0.3255813953488372,,0.3104212860310421,0.512841747809671,0.6029022877810816,0.5578720177953762,-1.1657198376450806,2.2760147175475973,0.5551474399512584,44.91029096414812,44.7555909533884,44.83294095876826,0.419560681021701,0.47425329693300455,0.4469069889773528,-4.965766378902537,-0.48695869268606495,-2.7263625357943013,48.27512463253055,47.727771919006905,48.00144827576872
20251110620,2025,Round 6,Dragons,Titans,38,16,1,22,54,0.58785837175764,0.5613577023498694,,0.6256038647342995,0.6369476525753088,0.6567177975083386,0.6468327250418238,4.272930059092204,5.289522491902305,4.7812262754972545,45.270901202902316,44.758070840701485,45.0144860218019,0.6387902152871592,0.6723143715333934,0.6555522934102762,4.669741807289994,6.471991197574498,5.570866502432246,47.420191586113376,46.84989587268626,47.13504372939982
20251110630,2025,Round 6,Broncos,Roosters,16,26,0,-10,42,0.6211259709447993,0.7263157894736842,,0.7999999999999999,0.6810721271473638,0.6694797686142415,0.6752759478808026,6.910199217941019,8.498366481671956,7.7042828498064875,46.93760550759101,48.58789066177246,47.76274808468173,0.7357646590757848,0.7167753973629282,0.7262700282193565,9.608006521535252,10.645473299330915,10.126739910433084,48.971908208167235,48.75050874425182,48.86120847620953
20251110640,2025,Round 6,Sharks,Sea Eagles,24,18,1,6,42,0.5300730081902101,0.6296296296296295,,0.6370192307692307,0.6259180741506921,0.6475404647885175,0.6367292694696047,3.3147337504718806,1.8692462052159196,2.5919899778439,46.18280154378432,43.972843666688966,45.07782260523665,0.6682445409462845,0.6394403118201163,0.6538424263832003,5.802715464652517,3.9154090508625203,4.859062257757519,48.39268755169391,45.13845623571879,46.76557189370635
20251110650,2025,Round 6,Rabbitohs,Cowboys,16,24,0,-8,40,0.4437569193248879,0.4868421052631579,,0.4664948453608247,0.5407503481572152,0.5858490328188497,0.5632996904880325,-0.04209873906665429,-0.1914491392664409,-0.11677393916654759,45.07275785881982,44.67818836822697,44.8754731135234,0.5215314000094683,0.4531604430466045,0.4873459215280364,-0.7271341874036081,-2.184882507645481,-1.4560083475245447,48.29422471866763,46.46214770746709,47.37818621306736
20251110660,2025,Round 6,Eels,Raiders,12,50,0,-38,62,0.3873795018542769,0.3703703703703704,,0.3264840182648401,0.47392861192712504,0.45886197464169937,0.4663952932844122,-2.5436345821890614,-6.117374263259007,-4.330504422724035,45.58371299498082,45.05559738544588,45.31965519021335,0.43466678615194987,0.4453999066235088,0.44003334638772934,-3.84858952095823,-3.917204887065285,-3.8828972040117575,47.43140913307903,45.61074719695384,46.521078165016434
20251110670,2025,Round 6,Storm,Warriors,42,14,1,28,56,0.7407343469597851,0.8010118043844856,,0.82370820668693,0.7363496898153032,0.6865921373519259,0.7114709135836146,10.017483254525278,12.316815395179189,11.167149324852232,46.06441128575412,45.66969370649824,45.86705249612618,0.7963800526910958,0.7740028030976273,0.7851914278943615,13.864929859916122,12.283291104964981,13.074110482440553,48.52439718118297,47.743480016230954,48.13393859870696
20251110680,2025,Round 6,Knights,Wests Tigers,4,20,0,-16,24,0.6565503444323308,0.6432038834951456,,0.5345268542199487,0.6462850863217864,0.6833696121389697,0.664827349230378,3.8475164598944094,7.591807804581864,5.7196621322381365,43.569166206019794,43.817384719098754,43.69327546255927,0.6694546193026285,0.6962832705222433,0.6828689449124359,5.195554429168071,9.242727358982217,7.219140894075144,43.86894986577463,43.55504155338086,43.71199570957775
20251110710,2025,Round 7,Sea Eagles,Dragons,18,20,0,-2,38,0.6340088089142103,0.5949367088607596,,0.6123456790123457,0.604001412752044,0.5403033312753355,0.5721523720136897,3.270577981634691,-1.3175285192654078,0.9765247311846417,46.81345793292195,47.17119360021975,46.99232576657085,0.6028614128206111,0.48450130480018255,0.5436813588103968,3.5436887363190213,1.828934965248929,2.686311850783975,48.44309036093533,47.94735478498792,48.195222572961626
20251110720,2025,Round 7,Bulldogs,Rabbitohs,32,0,1,32,32,0.7064850490356005,0.712742980561555,,0.733739837398374,0.7682083083501808,0.7944687224559935,0.7813385154030872,11.074996714658814,9.594060032857573,10.334528373758193,42.82455357204682,43.805635254845,43.315094413445905,0.7822320394821592,0.7765767261900746,0.7794043828361169,11.393917857812752,12.232470969367455,11.813194413590104,43.00590367410039,44.73963198004747,43.87276782707393
20251110730,2025,Round 7,Dolphins,Storm,42,22,1,20,64,0.3393909842126694,0.2427184466019417,,0.2490272373540856,0.42444883690763263,0.37975548744746446,0.40210216217754857,-5.321057875293386,1.2838248100832799,-2.018616532605053,46.15033602567419,46.316331960502076,46.23333399308814,0.3159931487292225,0.30170812080711434,0.30885063476816843,-9.03085992121066,-3.9060692611507637,-6.4684645911807115,51.21098937316973,49.29501979552693,50.25300458434833
20251110740,2025,Round 7,Warriors,Broncos,20,18,1,2,38,0.5260959912466053,0.3150684931506849,,0.3034934497816594,0.5277020216902041,0.5063357396782417,0.5170188806842229,-0.8268536145716228,-0.826844187964439,-0.8268489012680309,41.413946666078154,42.71376348418585,42.063855075132,0.4002995228314508,0.4130989185970443,0.4066992207142476,-5.771561522221004,-8.153613151508852,-6.962587336864928,42.71272351476683,44.765679083460604,43.73920129911372
20251110750,2025,Round 7,Roosters,Panthers,12,40,0,-28,52,0.5337336981925301,0.4300518134715025,,0.3848039215686275,0.5735909881398984,0.5705025441158582,0.5720467661278783,1.6477557782105123,0.4572932736020944,1.0525245259063034,45.72069778215554,46.003294274634584,45.86199602839506,0.5063767289497322,0.6125048592210326,0.5594407940853824,-1.0354933287182786,3.380046645996385,1.1722766586390532,47.299340663922706,46.025407511075706,46.6623740874992
20251110760,2025,Round 7,Titans,Raiders,20,30,0,-10,50,0.4653648940338107,0.4868421052631579,,0.3601895734597156,0.4718915504859009,0.3991433937313661,0.4355174721086335,-2.86919890607979,-7.337436469136373,-5.103317687608081,46.83961563685231,47.33691737026996,47.08826650356113,0.4765169293848864,0.3897120174779123,0.4331144734313993,-1.6486367352539695,-12.607039618932943,-7.127838177093456,50.02878239083093,47.712748921941596,48.87076565638627
20251110770,2025,Round 7,Knights,Sharks,14,34,0,-20,48,0.4257223076290645,0.3150684931506849,,0.3021739130434782,0.451974152038901,0.4732489826192568,0.46261156732907893,-4.298687084390306,1.1584052990456437,-1.570140892672331,41.453318291300924,45.419238001488054,43.436278146394486,0.36615334564810703,0.399632669285722,0.3828930074669145,-8.084859131658474,-7.701745263313737,-7.893302197486106,42.79334410223196,44.68155754629245,43.73745082426221
20251110780,2025,Round 7,Wests Tigers,Eels,22,38,0,-16,60,0.6411896419361668,0.6506024096385543,,0.569620253164557,0.7376293194424394,0.7596697633243276,0.7486495413833835,9.38011286636203,5.238914628235597,7.309513747298814,45.798171095712966,43.73356115884034,44.76586612727665,0.7349008093594545,0.693668683749496,0.7142847465544753,8.53350045013218,5.181305641358911,6.857403045745546,46.88927277011837,44.722983009478035,45.806127889798205
20251110810,2025,Round 8,Broncos,Bulldogs,42,18,1,24,60,0.471198093572389,0.3954659949622167,,0.3882063882063882,0.3462111118313477,0.3297034561420732,0.33795728398671043,-7.810828411089938,-11.182455793144744,-9.496642102117342,39.09960469855331,41.32371691447572,40.211660806514516,0.33488352823117207,0.31484319516499343,0.3248633616980827,-8.450807257524458,-10.001353454101439,-9.226080355812948,38.03926865530794,43.068469638747956,40.55386914702795
20251110820,2025,Round 8,Roosters,Dragons,46,18,1,28,64,0.5998885896542637,0.5,,0.5294117647058822,0.5046460809989971,0.46549662002459913,0.4850713505117981,-1.4156639105339028,0.44848481514835936,-0.48358954769277174,45.179879959968545,46.003294274634584,45.591587117301565,0.506990721578749,0.44213935049250186,0.47456503603562544,-0.7371128693629219,0.3989483749424245,-0.16908224721024867,45.99026016116037,46.30848728066722,46.1493737209138
20251110830,2025,Round 8,Warriors,Knights,26,12,1,14,38,0.5756820679470198,0.6547619047619047,,0.6971677559912856,0.5637755194703132,0.529389137332877,0.5465823284015952,1.8282595778674746,-2.6106221570816364,-0.3911812896070809,41.926472644006644,42.387298907669674,42.15688577583816,0.6494136328051155,0.5743345944630298,0.6118741136340726,5.236223025404557,2.2656080993605987,3.750915562382578,42.5308614843227,44.393703708694,43.462282596508345
20251110840,2025,Round 8,Storm,Rabbitohs,24,16,1,8,40,0.766174048633757,0.8088235294117647,,0.8092948717948717,0.751306892068663,0.6794375943202032,0.7153722431944332,11.14689835516452,9.747769476178751,10.447333915671635,41.268539531854394,43.94788524844905,42.60821239015172,0.811421543414014,0.7174484652948361,0.764435004354425,14.46179512940574,10.434525087280422,12.448160108343082,40.78820259037362,45.56868427074492,43.17844343055927
20251110850,2025,Round 8,Cowboys,Titans,50,18,1,32,68,0.7229798845366668,0.6543504171632897,,0.7087794432548179,0.7342285164529637,0.7251143332565371,0.7296714248547504,9.088364805364204,9.684776943663419,9.386570874513811,46.26559063687837,45.91735618728391,46.09147341208114,0.7264631417927562,0.7289454132370949,0.7277042775149256,9.057882505790397,9.511492515317798,9.284687510554097,48.2915816568943,46.51185105272983,47.401716354812066
20251110860,2025,Round 8,Panthers,Sea Eagles,10,26,0,-16,36,0.6564746133656403,0.695067264573991,,0.6313253012048193,0.6465464871760878,0.6789115153523108,0.6627290012641993,4.6341651003726,4.85881760218093,4.746491351276765,46.454333947443104,44.36687107915022,45.410602513296666,0.7009853703963441,0.6982331528752653,0.6996092616358047,7.617631398212586,6.840766183148783,7.229198790680684,46.632653526776835,46.158631719949476,46.39564262336316
20251110870,2025,Round 8,Raiders,Dolphins,40,28,1,12,68,0.5942447324466351,0.606060606060606,,0.6445497630331753,0.614162520615677,0.6295506411201682,0.6218565808679226,3.7500559787699066,1.3020316553688858,2.526043817069396,46.242744542991105,45.02424076846596,45.63349265572853,0.6337649777714983,0.683315848160091,0.6585404129657947,5.070021917205834,3.437793070135487,4.25390749367066,47.98505990212876,46.621853285628646,47.30345659387871
20251110880,2025,Round 8,Wests Tigers,Sharks,20,18,1,2,38,0.3526074530383107,0.3333333333333333,,0.3489461358313817,0.39252588038957936,0.40235588536328026,0.3974408828764298,-5.814771977328533,-3.646327097173465,-4.730549537250999,44.9130724370583,45.842605843638715,45.377839140348506,0.36039252565478014,0.45607467004793284,0.4082335978513565,-6.99281045052312,-6.528970404949962,-6.760890427736541,47.11123004013691,46.254207327797964,46.68271868396744
20251110910,2025,Round 9,Sharks,Eels,28,18,1,10,46,0.7054710934627331,0.6416464891041161,,0.6557377049180328,0.7845991535395647,0.7463440841428559,0.7654716188412103,11.70311838065748,8.942989799020738,10.32305408983911,45.077309101241646,43.73356115884034,44.40543513004099,0.7463564623523717,0.6613033791215119,0.7038299207369418,8.642649040061478,6.138312040882487,7.390480540471982,45.98117860028255,45.02489182293289,45.50303521160772
20251110920,2025,Round 9,Roosters,Dolphins,36,26,1,10,62,0.539738822630088,0.513157894736842,,0.4909560723514211,0.5653908394678894,0.46884208915564396,0.5171164643117667,1.4192348197449685,-1.3537420675341294,0.03274637610541953,46.71354492804345,47.195290554047354,46.954417741045404,0.565601166453376,0.5875161591478885,0.5765586628006323,2.1351766903579144,-0.9141888411209409,0.6104939246184867,48.63948231555063,47.441002777863545,48.04024254670709
20251110930,2025,Round 9,Rabbitohs,Knights,4,30,0,-26,34,0.5354789770287554,0.5584415584415584,,0.4089775561097257,0.5524846011696233,0.4856545173586124,0.5190695592641179,1.2138858139720792,-3.050321310851782,-0.9182177484398514,36.01828197135683,38.67532015248623,37.346801061921525,0.5699221073201531,0.4347993713085623,0.5023607393143577,1.6101208937691598,-4.938471128030069,-1.6641751171304546,36.38348516385288,41.65800404038224,39.02074460211756
20251110940,2025,Round 9,Warriors,Cowboys,30,26,1,4,56,0.4498491425327406,0.4868421052631579,,0.4246231155778894,0.5044808251336267,0.538485896546714,0.5214833608401703,-1.862464033633639,-1.0652685224238772,-1.4638662780287581,40.61734737053449,40.024196792027176,40.320772081280836,0.5024984654890383,0.45627667851607023,0.4793875720025543,-1.6157196836267191,-0.8772416262422796,-1.2464806549344993,41.46394931187429,43.753676903258274,42.60881310756628
20251110950,2025,Round 9,Wests Tigers,Dragons,34,28,1,6,62,0.4478774968271867,0.5,,0.5309278350515463,0.5294082094396486,0.6151181091096524,0.5722631592746505,-0.28737694266387104,1.9734881823502843,0.8430556198432066,40.43406333785683,41.54884389809072,40.991453617973775,0.5455586655545198,0.6375719275728354,0.5915652965636776,0.2459783676743159,0.5860175908144717,0.4159979792443938,40.609469700165775,44.58982210151617,42.59964590084097
20251110960,2025,Round 9,Titans,Bulldogs,18,38,0,-20,56,0.2862685759883397,0.2366412213740457,,0.2485436893203883,0.23474869492104553,0.2800548298580425,0.257401762389544,-13.392845436846368,-10.22306884299148,-11.807957139918924,44.85961711521816,49.20408497113267,47.031851043175415,0.20134524102415685,0.23534742073434264,0.21834633087924976,-14.566616993667004,-15.070092512684907,-14.818354753175957,48.16754693103757,47.46539276588651,47.81646984846204
20251110970,2025,Round 9,Panthers,Broncos,32,8,1,24,40,0.5168423601352494,0.4315245478036175,,0.363855421686747,0.5055109262789164,0.5575035104955665,0.5315072183872414,-1.8426142081185661,-2.94117990744876,-2.3918970577836633,41.34884310483905,44.04931387812761,42.699078491483334,0.46150651324298836,0.4964990177061057,0.479002765474547,-3.2524410016016283,-0.4153745054923377,-1.833907753546983,41.61863287825256,44.81933606026459,43.21898446925857
20251110980,2025,Round 9,Storm,Raiders,18,20,0,-2,38,0.6293635290768252,0.6341463414634148,,0.6428571428571429,0.629135484599523,0.6608136626319729,0.644974573615748,3.968652356549624,6.754057439311481,5.3613548979305525,43.58080793226823,42.07355508787538,42.8271815100718,0.6460358187547043,0.6650744812748426,0.6555551500147734,4.720961970471075,5.159134464296517,4.940048217383795,42.79768078818857,43.94443990534487,43.371060346766726
20251111010,2025,Round 10,Eels,Dolphins,16,20,0,-4,36,0.4722015431425477,0.5263157894736842,,0.544987146529563,0.4591806865866062,0.4328283120407807,0.44600449931369346,-3.4351941079104584,-2.9078538299422636,-3.171523968926361,46.98847843371998,47.890979724778255,47.43972907924912,0.506750173857445,0.48342990747763576,0.49509004066754037,-0.2642905077335822,-2.1377794704782813,-1.2010349891059318,49.3471432245816,47.896802747221386,48.62197298590149
20251111020,2025,Round 10,Knights,Titans,20,24,0,-4,44,0.646060327802741,0.6218905472636816,,0.6494117647058822,0.8060997405283362,0.7525027384565296,0.7793012394924329,12.499489759208718,9.030114200952463,10.764801980080591,43.28782477643764,41.535415676730445,42.41162022658404,0.782210492497037,0.737530850455679,0.759870671476358,10.954562803321608,7.955427048472883,9.454994925897246,45.36820950612969,45.108496532993904,45.2383530195618
20251111030,2025,Round 10,Rabbitohs,Broncos,22,14,1,8,36,0.45024003543817,0.2857142857142857,,0.2605210420841684,0.4952594113603382,0.4375684770910423,0.46641394422569027,-2.3532154888447145,-5.869368256555541,-4.111291872700128,39.50574231779176,40.227745869465515,39.86674409362864,0.3812095694192859,0.3205337124862997,0.3508716409527928,-6.3676973184618575,-12.377057213558006,-9.37237726600993,42.09887614775975,45.399450171451626,43.749163159605686
20251111040,2025,Round 10,Raiders,Bulldogs,20,32,0,-12,52,0.5197416128519364,0.5,,0.5597964376590331,0.5062039653611212,0.4903453065434637,0.4982746359522925,-0.6654922308497491,-1.1680616092890361,-0.9167769200693926,45.161131945831364,45.02424076846596,45.092686357148665,0.49462055639585434,0.6090485027656062,0.5518345295807303,-0.8544675706493199,-2.0228524732700714,-1.4386600219596957,46.684004757489866,45.27842934951562,45.981217053502746
20251111050,2025,Round 10,Dragons,Warriors,14,15,0,-1,29,0.4738101291040248,0.4736842105263157,,0.4678663239074551,0.49060889888144565,0.46863937710761405,0.47962413799452985,-1.5726238953764673,-0.3566239402697289,-0.9646239178230981,45.50369689849125,45.38957529109191,45.44663609479158,0.4739177773713083,0.440163265426366,0.45704052139883716,-1.9912163693733556,-1.2444734536033601,-1.617844911488358,47.56510009760735,46.31824772442181,46.941673911014576
20251111070,2025,Round 10,Storm,Wests Tigers,64,0,1,64,64,0.7812221125301847,0.7769652650822669,,0.8055555555555556,0.7578044646387869,0.717937369437134,0.7378709170379605,10.613702220900104,13.285037577748879,11.949369899324491,46.646837148146815,47.05813512682692,46.85248613748686,0.7982034486727488,0.8106637530615537,0.8044336008671513,13.414624721324468,16.79524016403342,15.104932442678944,48.43617854657809,48.03242386241471,48.234301204496404
20251111080,2025,Round 10,Sea Eagles,Sharks,14,30,0,-16,44,0.5114608537795124,0.5714285714285715,,0.5685279187817259,0.5220922271987122,0.48079050231994175,0.501441364759327,-0.11041436042921315,-1.3487866948947367,-0.7296005276619749,44.612036378389305,45.885486087969525,45.248761233179415,0.5580776268738766,0.48191771363401625,0.5199976702539464,1.918680207201588,1.054166344250353,1.4864232757259705,47.063696382295944,47.47107949573612,47.26738793901603
20251111110,2025,Round 11,Knights,Eels,6,28,0,-22,34,0.6268891081135246,0.5670103092783505,,0.4896907216494846,0.732313986709271,0.6503199148862969,0.6913169507977839,8.564647180106816,6.602088819183088,7.583367999644952,42.972251478972396,41.78179556803898,42.377023523505684,0.6930567742118384,0.6264160227006531,0.6597363984562458,6.430631243060555,0.9150621380790543,3.6728466905698047,44.87488594479834,44.2578735461267,44.56637974546253
20251111120,2025,Round 11,Bulldogs,Roosters,24,20,1,4,44,0.6542707505816696,0.6935123042505593,,0.6380952380952382,0.7375419357137505,0.792653882095618,0.7650979089046843,8.89000489098833,8.187362011563255,8.538683451275793,41.04267993930835,40.6584471995062,40.85056356940727,0.7563395759633297,0.777941065815252,0.7671403208892908,9.06068753939849,8.790915346715035,8.925801443056763,38.61561515489701,42.09261014568969,40.354112650293345
20251111130,2025,Round 11,Dolphins,Warriors,12,16,0,-4,28,0.5157722209841307,0.4868421052631579,,0.4755784061696658,0.5287331244228131,0.5869411501034748,0.5578371372631439,0.18877288073020626,1.8524026136046605,1.0205877471674334,44.68715071550146,44.5788017524411,44.63297623397128,0.49956128369556063,0.5709996886464144,0.5352804861709874,-0.8781159843668105,0.7095700981700167,-0.08427294309839689,47.48713864342721,46.56404938283408,47.02559401313064
20251111140,2025,Round 11,Cowboys,Sea Eagles,6,24,0,-18,30,0.5972782433784077,0.5468749999999999,,0.5487179487179488,0.5491824854087025,0.5769654061842899,0.5630739457964962,0.7314665636415107,2.4805873461355974,1.606026954888554,47.12029619920268,47.155602486681914,47.13794934294229,0.5440511860426401,0.6008575120910882,0.5724543490668641,1.02637981919497,1.8740845637639632,1.4502321914794667,49.89170380301772,47.218413428188676,48.5550586156032
20251111150,2025,Round 11,Sharks,Storm,31,26,1,5,57,0.5270648855354959,0.4050632911392405,,0.3537735849056603,0.5509169842957348,0.5627936945728822,0.5568553394343085,-0.32162763486876367,-2.526434566074172,-1.4240311004714679,45.79603531543998,44.7555909533884,45.27581313441419,0.4849459759597518,0.496780389683214,0.4908631828214829,-2.7778725087618454,-3.751788595958163,-3.2648305523600043,47.3988816671278,45.32067260088253,46.35977713400517
20251111160,2025,Round 11,Broncos,Dragons,26,30,0,-4,56,0.6461974568781745,0.7319587628865979,,0.744047619047619,0.6536215588050226,0.7025977436416257,0.6781096512233242,5.211848231994516,7.010447828982676,6.111148030488597,45.46623360167564,45.68409034509478,45.57516197338521,0.721758802047178,0.712918129365382,0.71733846570628,9.04626354578103,9.74299877465056,9.394631160215795,47.97031215601862,47.657241273639805,47.81377671482922
20251111170,2025,Round 11,Raiders,Titans,40,24,1,16,64,0.7184559628477748,0.7032967032967032,,0.7420634920634921,0.7793401915790289,0.7299843606157504,0.7546622760973897,11.947476511916896,12.366738413140212,12.157107462528554,47.53889785104499,47.56051205962825,47.54970495533662,0.778179354035287,0.7500436044990592,0.764111479267173,11.48351306083409,12.01749037912932,11.750501719981706,48.38586889351338,47.36998536188653,47.877927127699955
20251111180,2025,Round 11,Wests Tigers,Rabbitohs,12,22,0,-10,34,0.5493628593465679,0.5,,0.5,0.4872100645398993,0.5670373436130403,0.5271237040764698,-1.4351458379500546,3.232163420723588,0.8985087913867666,39.59822231087271,41.142951640877904,40.370586975875305,0.4614875826719683,0.5560048717573242,0.5087462272146462,-2.7377615747512998,-0.17507570218627613,-1.456418638468788,40.20639739442041,43.52782064100336,41.86710901771188
20251111210,2025,Round 12,Bulldogs,Dolphins,8,44,0,-36,52,0.729072277775776,0.7769652650822669,,0.6628175519630486,0.7164753291490704,0.7265251018899134,0.7215002155194918,7.885815841866997,7.930834947553961,7.908325394710479,41.048842869322286,40.687864393054454,40.86835363118837,0.7644253232747227,0.6935271438882441,0.7289762335814833,9.689736343471978,8.97688760102655,9.333311972249264,37.363533303479,41.87443048580046,39.61898189463973
20251111220,2025,Round 12,Eels,Sea Eagles,30,10,1,20,40,0.4084557436689925,0.3567961165048544,,0.3530805687203791,0.38825837774597854,0.4441439230408469,0.4162011503934127,-6.436893581037232,-2.34687918840192,-4.391886384719576,46.15091606469601,43.28542387710904,44.71816997090252,0.3622111444527693,0.39464145730188815,0.37842630087732876,-7.0789848916340254,-4.485910260647877,-5.782447576140951,47.99129505103788,45.73290756939089,46.862101310214385
20251111230,2025,Round 12,Panthers,Knights,6,25,0,-19,31,0.7074259096028706,0.7048458149779735,,0.6289156626506023,0.633617122751605,0.6800804244793766,0.6568487736154908,4.759296900878837,7.350426451087469,6.054861675983153,44.24798058381433,47.754577209587005,46.00127889670067,0.6715150606885331,0.6838502629883781,0.6776826618384556,5.754211358983288,7.89648102857963,6.825346193781459,43.63556226690503,45.70930433152356,44.6724332992143
20251111240,2025,Round 12,Roosters,Sharks,42,16,1,26,58,0.3891575232639271,0.3703703703703704,,0.261569416498994,0.3647743522061191,0.39089481212114663,0.37783458216363286,-7.079866871796387,-1.2540874408857967,-4.166977156341092,47.01456082800449,46.8262442408344,46.920402534419445,0.3315879736095212,0.3428268255625945,0.33720739958605783,-8.370530658736305,-9.783600191557008,-9.077065425146657,47.60511123164519,46.936387592052355,47.27074941184877
20251111250,2025,Round 12,Warriors,Raiders,10,16,0,-6,26,0.575696511812801,0.5769230769230769,,0.5347043701799487,0.6141117078107934,0.6477339202666946,0.630922814038744,2.3832884075651144,4.675580841841311,3.529434624703213,41.85149051196858,39.92903484857902,40.8902626802738,0.6265046927479343,0.5952165174970241,0.6108606051224792,3.1497753958697237,5.078458622596439,4.114117009233081,39.8673650549045,42.765120518613685,41.31624278675909
20251111310,2025,Round 13,Dragons,Knights,20,6,1,14,26,0.6002829448149806,0.6296296296296295,,0.7006507592190889,0.5315271128677908,0.5693094319287267,0.5504182723982587,0.6802644168719014,0.7879582107056994,0.7341113137888005,39.4089460782631,39.90667045770213,39.65780826798262,0.5841677567952586,0.6406562152784018,0.6124119860368302,2.705360424095528,5.437263457782673,4.0713119409391005,38.512234454549855,45.37393209375743,41.94308327415364
20251111320,2025,Round 13,Titans,Storm,16,28,0,-12,44,0.2820688305929106,0.2622950819672131,,0.2104347826086956,0.24716646949186313,0.2410923454062767,0.2441294074490699,-13.561615923361305,-11.084965802760511,-12.323290863060908,45.48597817204547,47.224997935011,46.355488053528234,0.2310473367562603,0.1956852030371125,0.2133662698966864,-12.850078611772856,-12.170670637772977,-12.510374624772917,47.470669015134256,49.24196801791478,48.35631851652452
20251111330,2025,Round 13,Cowboys,Wests Tigers,32,28,1,4,60,0.6981426725114861,0.6744186046511629,,0.695364238410596,0.6693853428988525,0.7053983392987485,0.6873918410988005,5.876575599869984,7.683573854791631,6.780074727330808,48.0405282642279,46.44367885967456,47.24210356195123,0.6838103739832886,0.737497427276912,0.7106539006301003,6.98589455651722,8.461365973550315,7.723630265033767,50.13976314444906,46.14800208698466,48.14388261571686
20251111340,2025,Round 13,Sea Eagles,Broncos,34,6,1,28,40,0.6058892562008263,0.5714285714285715,,0.4387755102040816,0.6290512758868426,0.6475004964080827,0.6382758861474627,3.7544738394610784,6.6180359141593526,5.1862548768102155,47.12292648924738,44.3446011553812,45.73376382231429,0.6170890040756046,0.6254304357218543,0.6212597198987295,3.462457606219354,6.82491601823332,5.143686812226337,48.352606716229445,45.816295474402544,47.084451095316
20251111350,2025,Round 13,Rabbitohs,Warriors,30,36,0,-6,66,0.4902087411927652,0.4605263157894737,,0.4267676767676767,0.5364383883850155,0.5077397979995678,0.5220890931922917,0.13344404220112205,-4.832693357370924,-2.3496246575849007,42.49734690039618,44.042995950280776,43.270171425338475,0.5178396090571449,0.4536351649154137,0.48573738698627933,-0.39100858598388033,-3.964863551907814,-2.177936068945847,44.57363157663907,45.26014782397639,44.916889700307735
20251111360,2025,Round 13,Panthers,Eels,18,10,1,8,28,0.6970162904833053,0.5897435897435896,,0.6210268948655256,0.6679910003998729,0.7088671751230933,0.6884290877614831,5.831709642313815,3.993329179085392,4.912519410699604,46.2157303229436,44.19119730604613,45.20346381449487,0.6450326660344372,0.6530743073062181,0.6490534866703277,4.594160709140452,4.620048689704898,4.607104699422675,46.505847018314356,45.2217600963845,45.86380355734943
20251111370,2025,Round 13,Roosters,Raiders,24,26,0,-2,50,0.5766258767577029,0.5,,0.6078431372549019,0.5843179084643307,0.5512098862766747,0.5677638973705027,2.2927521783689357,4.8065257219483435,3.5496389501586396,48.9686244421225,47.465708654222624,48.21716654817256,0.5445543338869545,0.624834985402075,0.5846946596445148,0.9835117417369166,4.561494701782131,2.7725032217595236,49.39170927434416,45.972398412416275,47.68205384338022
20251111410,2025,Round 14,Knights,Sea Eagles,26,22,1,4,48,0.4260385673404019,0.3844221105527638,,0.311804008908686,0.4330134781343609,0.5073125008123993,0.4701629894733801,-5.604919359256225,-0.38066267470551024,-2.992791016980868,41.37904193961914,44.19628449132398,42.78766321547156,0.4012761165922278,0.5025882338987374,0.45193217524548257,-6.680422505075374,0.997766776299565,-2.841327864387904,43.483277068087176,45.60025764700802,44.5417673575476
20251111420,2025,Round 14,Storm,Cowboys,38,14,1,24,52,0.7081215597530127,0.7692307692307693,,0.8036303630363036,0.7953227976297539,0.745799081010783,0.7705609393202684,13.328143772606769,11.360537561729439,12.344340667168105,43.7174091144297,43.44166897179739,43.57953904311354,0.8336440443152061,0.7971876321274057,0.8154158382213059,16.080361108429,13.901802458406063,14.991081783417531,43.74788540906772,44.54644463522992,44.14716502214882
20251111430,2025,Round 14,Dolphins,Dragons,56,6,1,50,62,0.6207090679966553,0.5897435897435896,,0.6509433962264151,0.6474361183883384,0.6952968047344272,0.6713664615613828,5.052113490805301,6.836594360607115,5.944353925706208,45.21546663475895,47.532122007403956,46.37379432108145,0.6438760699671812,0.6547400009703045,0.6493080354687428,4.871604224808975,5.121404741089403,4.996504482949189,46.77944208857486,47.228792082855016,47.00411708571494
20251111440,2025,Round 14,Sharks,Warriors,10,40,0,-30,50,0.6334339771998406,0.6506024096385543,,0.6860986547085202,0.6188549140183652,0.6348732275995179,0.6268640708089416,3.863034177480216,3.763902983008447,3.8134685802443316,44.13506664855426,45.885486087969525,45.01027636826189,0.6476560320680291,0.6788442649492642,0.6632501485086466,4.91667700331022,3.360653073937806,4.138665038624013,44.233507385181646,45.50831005565055,44.8709087204161
20251111450,2025,Round 14,Broncos,Titans,44,14,1,30,58,0.6810116329319723,0.6744186046511629,,0.744047619047619,0.7316229539009822,0.7609298985823676,0.7462764262416749,8.84239009549367,12.101116487043498,10.471753291268584,42.28107435396057,44.28229502143221,43.28168468769639,0.7391048655931338,0.774642667757621,0.7568737666753774,9.43959580444335,10.663505477894763,10.051550641169056,43.32637917724899,46.93646002043068,45.131419598839834
20251111460,2025,Round 14,Raiders,Rabbitohs,36,12,1,24,48,0.704046422070823,0.6744186046511629,,0.6852678571428571,0.7138085334230885,0.7336381649516772,0.7237233491873829,8.827145428613429,13.307016343052315,11.067080885832873,40.58862536661286,42.89807581191921,41.743350589266036,0.7205916182028456,0.7465834874477804,0.733587552825313,8.81813291729712,10.845360118764237,9.831746518030679,40.54546186176834,45.10541272096575,42.825437291367045
20251111470,2025,Round 14,Wests Tigers,Panthers,14,18,0,-4,32,0.3782017630566725,0.2708333333333333,,0.2559523809523809,0.39941781321650716,0.38986026799953716,0.39463904060802213,-5.353064601185204,-6.14110360257218,-5.747084101878691,45.45275914798301,45.39835154710397,45.425555347543494,0.3104025505152484,0.2868927045326331,0.29864762752394075,-9.30451250381056,-15.626757952729298,-12.465635228269928,47.826101986716274,47.722350403053305,47.77422619488479
20251111480,2025,Round 14,Bulldogs,Eels,30,12,1,18,42,0.7333413772870055,0.6744186046511629,,0.6704805491990847,0.7597210673542031,0.7760965627363444,0.7679088150452738,10.818424192983487,8.085233489011824,9.451828840997656,39.13181788026344,41.42476558999868,40.27829173513106,0.755050984318271,0.7679956329433898,0.7615233086308304,10.169147281539148,10.491966722216109,10.33055700187763,38.4709328406399,44.07215614232253,41.27154449148121
20251111510,2025,Round 15,Sharks,Dragons,30,18,1,12,48,0.694856256471989,0.7203389830508474,,0.7783783783783784,0.6880803538260206,0.7349456755969945,0.7115130147115076,6.686769959997138,4.801136184472273,5.743953072234705,46.90248446334412,44.03110771301583,45.466796088179976,0.7350721297781618,0.7730980838347927,0.7540851068064773,9.216253188206014,9.291126910947161,9.253690049576587,47.46914575206428,45.77100059361397,46.62007317283913
20251111520,2025,Round 15,Titans,Sea Eagles,28,8,1,20,36,0.3755718658784076,0.2796610169491525,,0.2399999999999999,0.2848181944093315,0.28736577171794525,0.28609198306363837,-10.98521986497915,-10.586611905139472,-10.78591588505931,48.03216414408375,51.49862387799414,49.76539401103895,0.23920351091619288,0.21166157521964918,0.22543254306792104,-12.176043861391994,-14.445621949355324,-13.310832905373658,51.8807456555192,52.19411914645114,52.03743240098517
20251111530,2025,Round 15,Knights,Roosters,8,12,0,-4,20,0.4264815154628547,0.3703703703703704,,0.2693877551020407,0.5580603451673258,0.6443679498641486,0.6012141475157372,-0.14152674189361258,-1.0826017338053007,-0.6120642378494566,40.398337570964856,40.88873920877764,40.64353838987125,0.4937201434195481,0.5428161114158185,0.5182681274176834,-2.851811499171969,-1.7851815137960534,-2.3184965064840113,39.71389953589301,42.16089697851377,40.93739825720339
20251111540,2025,Round 15,Cowboys,Dolphins,4,58,0,-54,62,0.5428757979053201,0.423076923076923,,0.35781990521327,0.44642168428850215,0.2780113571841211,0.3622165207363116,-4.073444206168288,-5.082940959445017,-4.578192582806652,48.185317932681684,49.293016144444664,48.739167038563174,0.4106053303850397,0.33769510347833026,0.374150216931685,-4.45233314059362,-6.458306393139959,-5.45531976686679,50.7634109661799,49.44949007156691,50.1064505188734
20251111550,2025,Round 15,Rabbitohs,Bulldogs,18,24,0,-6,42,0.3867907019356816,0.3380614657210402,,0.3140311804008909,0.4094583820382782,0.24821535987598722,0.3288368709571327,-5.473914171759636,-6.933162902915066,-6.203538537337351,40.26561720575257,42.52760842277777,41.39661281426517,0.36809108656959344,0.26266634364576363,0.31537871510767856,-6.52766905237597,-7.262714601659972,-6.895191827017971,41.442028181755994,44.94593304810334,43.19398061492967
20251111610,2025,Round 16,Wests Tigers,Raiders,12,16,0,-4,28,0.3467303499063784,0.3,,0.2744282744282744,0.38088740033738006,0.28393826934630795,0.33241283484184403,-6.87692472617281,-4.191446622068028,-5.534185674120419,47.892671576961895,48.458151529054966,48.17541155300843,0.33458270191752315,0.2678640015599855,0.30122335173875436,-8.2100163175845,-12.153390994067513,-10.181703655826006,49.990063950014445,48.89080249658639,49.44043322330042
20251111620,2025,Round 16,Warriors,Panthers,18,28,0,-10,46,0.5788769432455568,0.748502994011976,,0.7938671209540034,0.6847871237405515,0.6382483946426805,0.6615177591916159,6.996499592975445,6.709364610745817,6.852932101860631,44.85286239701526,43.444351567906125,44.14860698246069,0.7814575914788312,0.7459884987519066,0.7637230451153689,12.221916034715216,12.0742202547611,12.148068144738158,44.27411801461798,44.87482588824579,44.57447195143189
20251111630,2025,Round 16,Dolphins,Knights,20,26,0,-6,46,0.6683955893554921,0.7048458149779735,,0.7654784240150094,0.7285323066573735,0.7174539304101522,0.7229931185337628,10.722451250401978,11.322678036840886,11.022564643621433,39.40273577032817,40.34472359222584,39.873729681277005,0.7531289408567069,0.7318175067433161,0.7424732238000116,11.21604762837173,12.224343004016319,11.720195316194024,39.72704527431503,46.92685189734751,43.326948585831275
20251111640,2025,Round 16,Rabbitohs,Storm,24,25,0,-1,49,0.2981247406503193,0.3255813953488372,,0.2147887323943662,0.2664013241195277,0.21250770621609477,0.23945451516781124,-13.358776149989128,-10.504573197298722,-11.931674673643926,47.44202894179819,47.44750222903278,47.44476558541548,0.2775688420678779,0.22614829689948476,0.25185856948368135,-11.37854515452963,-7.37916517620394,-9.378855165366785,50.12619527646684,50.26677944576778,50.196487361117306
20251111650,2025,Round 16,Broncos,Sharks,34,28,1,6,62,0.4688117671742298,0.6296296296296295,,0.6219512195121951,0.5692967844673178,0.6103145621861297,0.5898056733267237,1.8905735331016191,4.8985968587777196,3.394585195939669,47.59700058971777,47.55478703462807,47.57589381217292,0.6343092270992826,0.6929696663030463,0.6636394467011645,5.346630733527348,8.14664423742085,6.746637485474099,49.54608565494215,48.607951859012296,49.077018756977225
20251111660,2025,Round 16,Roosters,Cowboys,42,8,1,34,50,0.6646709758204217,0.6372549019607844,,0.7043478260869566,0.7624970524675829,0.7647445293975604,0.7636207909325716,10.844020233741446,10.42947808816144,10.636749160951442,48.92779219403909,46.735065112785506,47.8314286534123,0.7415596169837605,0.7230731487398875,0.732316382861824,9.575303006743837,7.369070751604297,8.472186879174068,49.82314653501961,45.921001794149724,47.87207416458467
20251111670,2025,Round 16,Eels,Titans,36,20,1,16,56,0.605554930324381,0.4736842105263157,,0.4398976982097186,0.6775274148743248,0.6669306075488597,0.6722290112115923,5.791615819247859,5.275111381592847,5.533363600420353,47.35878230886809,45.367305367322885,46.36304383809549,0.591421410125899,0.5731898014894465,0.5823056058076728,1.8236826795854875,0.13358604598028906,0.9786343627828883,49.457254860648916,47.555559670440225,48.50640726554457
20251111710,2025,Round 17,Panthers,Bulldogs,8,6,1,2,14,0.5582420918548123,0.450261780104712,,0.4768041237113402,0.5265204448191204,0.5159677307016666,0.5212440877603934,-0.6763882669062782,1.5978845687056786,0.4607481508997002,43.53096515068163,44.45984712112369,43.995406135902655,0.4833228700522265,0.5205987006106213,0.5019607853314239,-2.6847541416899166,-0.9152872049413034,-1.8000206733156099,43.54455341136064,45.0913918311184,44.31797262123952
20251111720,2025,Round 17,Sea Eagles,Wests Tigers,28,10,1,18,38,0.7005493694238875,0.6140350877192983,,0.721174004192872,0.683592197820979,0.7546846696030317,0.7191384337120054,6.394041226637789,9.767076699012579,8.080558962825183,39.48842421269832,40.90773548394108,40.1980798483197,0.6642635075048743,0.6995039202969114,0.6818837139008929,5.522183691997323,11.044859263603016,8.28352147780017,40.63876121750392,44.248953664770134,42.44385744113703
20251111730,2025,Round 17,Knights,Raiders,18,22,0,-4,40,0.3978720089805214,0.2951541850220264,,0.3564593301435407,0.47382690217825146,0.5317915958579233,0.5028092490180874,-3.614194894706431,2.2117672813304425,-0.7012138066879943,37.27056914015127,41.18319448898329,39.22688181456728,0.38347670623414815,0.40802346799942024,0.39575008711678417,-7.167317417473592,-4.907743278232884,-6.037530347853238,38.38355229323396,43.68181813238173,41.03268521280785
20251111740,2025,Round 17,Broncos,Warriors,26,12,1,14,38,0.5103470637270059,0.6296296296296295,,0.6361445783132531,0.5548453131127381,0.5265543267413699,0.5406998199270541,1.6049147311044958,0.24140987300069802,0.9231623020525969,45.86732879239756,44.46355578669861,45.16544228954808,0.6242529595326258,0.5409125383353506,0.5825827489339882,5.160206216587226,5.064288711266083,5.112247463926654,47.63269478077438,46.12345427279761,46.878074526785994
20251111750,2025,Round 17,Dragons,Eels,34,20,1,14,54,0.5805394820060145,0.5798969072164949,,0.5714285714285715,0.5491327932595524,0.5571421465527784,0.5531374699061654,0.7016496085857384,1.2665316745267263,0.9840906415562324,45.149230266843055,47.58065227355338,46.364941270198216,0.5667832691610971,0.5853729318453487,0.576078100503223,1.72501151174093,1.8429346039773833,1.7839730578591566,46.311570468118305,46.51780380968745,46.41468713890288
20251111760,2025,Round 17,Dolphins,Rabbitohs,50,28,1,22,78,0.7106677594866284,0.606060606060606,,0.6019900497512438,0.7733040757607875,0.7726888796928166,0.7729964777268021,12.273203288858259,14.569633972069047,13.421418630463652,45.659697702922934,45.30547013755075,45.48258392023684,0.7153056021594252,0.6880608280052976,0.7016832150823613,8.208660158282324,9.795827665526328,9.002243911904326,47.59356007563218,46.888759367928515,47.24115972178035
20251111770,2025,Round 17,Storm,Sharks,30,6,1,24,36,0.6887672541006009,0.7096069868995633,,0.7378048780487805,0.7606725137144094,0.7509390084503464,0.7558057610823778,11.30521773065772,14.536078508322966,12.920648119490343,47.71054753010439,46.40799552908287,47.05927152959363,0.7746262177345317,0.7544377391910619,0.7645319784627969,11.767117309785295,12.107441665442995,11.937279487614145,47.9384705468987,46.45800087184836,47.198235709373535
20251111780,2025,Round 17,Titans,Cowboys,24,30,0,-6,54,0.4633239878357759,0.4285714285714286,,0.4384615384615385,0.4721693425972476,0.6116885912240462,0.5419289669106468,-2.8693464114142397,0.6748540982631651,-1.0972461565755374,43.72098574005377,41.00215716418339,42.36157145211858,0.4304738022176242,0.5865793417707491,0.5085265719941867,-4.151695657626005,-0.8090196039350794,-2.480357630780542,45.95800781913507,42.272238241197066,44.11512303016607
20251111810,2025,Round 18,Bulldogs,Broncos,18,22,0,-4,40,0.6525350086035804,0.6125,,0.6967032967032967,0.6973844956993747,0.8046991081750393,0.7510418019372069,6.742918600700682,6.613825166449869,6.6783718835752754,46.10997496293909,42.93611794077315,44.52304645185612,0.6961157455293568,0.7596721319475219,0.7278939387384393,6.54721393643403,6.881894307831908,6.714554122132969,45.78873233879415,44.13466682963843,44.96169958421629
20251111820,2025,Round 18,Raiders,Dragons,28,24,1,4,52,0.7224510781254833,0.7032967032967032,,0.7720588235294118,0.7598461918632381,0.737761998664652,0.748804095263945,10.519028603429732,9.521909529436446,10.020469066433089,47.218180160460456,44.866938798567894,46.042559479514175,0.7709679583975552,0.6925976502232316,0.7317828043103933,11.006042179529105,10.24334182568667,10.624692002607887,48.26887051114539,45.30479039629346,46.786830453719425
20251111830,2025,Round 18,Cowboys,Storm,20,26,0,-6,46,0.336407410293629,0.2596348884381338,,0.3182844243792325,0.3564580151189317,0.3211636597409037,0.3388108374299177,-7.408477717902912,-5.034295352572612,-6.221386535237762,49.04863794297751,51.28444952783409,50.166543735405796,0.3148156458246995,0.2563025228534612,0.2855590843390804,-7.804904911117205,-8.082140298980054,-7.94352260504863,50.914525596104596,50.76123068906977,50.837878142587186
20251111840,2025,Round 18,Roosters,Wests Tigers,28,30,0,-2,58,0.7853560884092325,0.7894736842105263,,0.7640449438202248,0.7590088105606685,0.7548826612654657,0.7569457359130671,10.649432504599314,11.679966986557732,11.164699745578524,46.73084390247997,49.394359462803486,48.06260168264173,0.7904766575253459,0.7594258143335985,0.7749512359294721,12.355332505744178,12.696031554266975,12.525682030005576,47.069528545766005,45.57995751828629,46.32474303202615
20251111850,2025,Round 18,Sea Eagles,Rabbitohs,30,12,1,18,42,0.6841838725283393,0.7032967032967032,,0.7202505219206681,0.7459142612660186,0.7996353341236945,0.7727747976948565,9.620680748605373,10.254716049390021,9.937698398997696,46.14483703804282,43.4280831807449,44.78646010939386,0.7644422878435279,0.7406391469859137,0.7525407174147207,10.289803895780974,11.172093640777039,10.730948768279006,46.50455114580633,44.547268529206484,45.525909837506404
20251111910,2025,Round 19,Sharks,Dolphins,24,12,1,12,36,0.5541991457647862,0.5613577023498694,,0.6346153846153846,0.5339914947531677,0.30896728973820853,0.4214793922456881,-0.6786114473401677,-5.721961552038033,-3.2002864996891005,48.85195147842499,49.80316729486663,49.32755938664582,0.5835931772842042,0.4101149311540949,0.4968540542191496,2.681950271864986,-1.8505188278154308,0.4157157220247777,48.93224726848455,48.04504689461364,48.4886470815491
20251111920,2025,Round 19,Knights,Storm,14,32,0,-18,46,0.2821612203329856,0.2366412213740457,,0.280922431865828,0.4166442225057621,0.36737433527632823,0.3920092788910452,-6.060740718124398,-1.2921275804710917,-3.676434149297745,44.62093230871958,45.988024239397305,45.30447827405844,0.33245184600353184,0.3178625001981144,0.32515717310082315,-8.996366773625862,-6.185435642508076,-7.590901208066969,47.61019375900884,48.69196002167259,48.15107689034072
20251111930,2025,Round 19,Dragons,Roosters,24,31,0,-7,55,0.4358480743685674,0.3703703703703704,,0.3662650602409638,0.4210720219612426,0.3448780866614791,0.38297505431136086,-5.131076456203626,-4.090086760592202,-4.610581608397914,48.419662287053455,47.17119360021975,47.795427943636604,0.3802798898914599,0.35248972807082074,0.36638480898114034,-6.428454386417847,-9.18479890733573,-7.806626646876789,50.03491080449572,46.57821218901709,48.3065614967564
20251111940,2025,Round 19,Cowboys,Bulldogs,8,12,0,-4,20,0.440428433476015,0.3325526932084308,,0.3671497584541062,0.3121261858984055,0.30140652278541175,0.30676635434190863,-9.300643511512515,-8.380027744499051,-8.840335628005782,46.834963525817656,47.772817218597915,47.30389037220779,0.2788290200548529,0.3310889272759964,0.3049589736654247,-10.026143819309025,-10.438475543811945,-10.232309681560485,49.703526687993275,48.00216711499227,48.85284690149277
20251111950,2025,Round 19,Warriors,Wests Tigers,34,14,1,20,48,0.7353277620461904,0.6900452488687784,,0.6674364896073903,0.7398304618988247,0.7582655323187177,0.7490479971087712,9.239633886828969,8.73335583053972,8.986494858684345,40.93378246823121,41.76991463302237,41.351848550626784,0.7499076954328452,0.7439761375978202,0.7469419165153327,9.704774315701453,9.97891460417504,9.841844459938248,40.29307828825802,44.01751501833708,42.155296653297555
20251111960,2025,Round 19,Eels,Panthers,10,32,0,-22,42,0.3617978501920829,0.252988047808765,,0.2918454935622318,0.38226243507207075,0.468565182431152,0.4254138087516114,-6.135290484884072,-3.278607930386506,-4.706949207635289,45.074041141605605,43.90216786576665,44.48810450368613,0.2911585604045307,0.36022575900322673,0.3256921597038787,-10.574571738282446,-11.816281380810501,-11.195426559546473,46.72326773260685,46.91274304607231,46.818005389339575
20251111970,2025,Round 19,Titans,Broncos,14,26,0,-12,40,0.3624513582485786,0.252988047808765,,0.2668024439918534,0.27681393458066544,0.3212036602690101,0.29900879742483777,-11.73330562624233,-5.107511694190073,-8.420408660216202,49.09601805332768,48.20880100947456,48.65240953140112,0.22117358363100978,0.2027867080531147,0.21198014584206223,-13.911613357215355,-10.296625736352068,-12.10411954678371,52.164721704600495,51.22769366229228,51.69620768344639
20251112010,2025,Round 20,Dolphins,Cowboys,43,24,1,19,67,0.6685662712958146,0.6155778894472362,,0.6541176470588235,0.7049807312507128,0.7789922096752352,0.741986470462974,7.8950203171052955,11.400573163694402,9.647796740399848,47.434134112239875,46.41374845026774,46.9239412812538,0.6707857838654959,0.6644702157727466,0.6676279998191212,5.181241876688479,8.024970918741177,6.6031063977148285,48.713249877446586,46.950614315535596,47.83193209649109
20251112020,2025,Round 20,Sharks,Roosters,31,18,1,13,49,0.5522716454657535,0.5798969072164949,,0.5271317829457364,0.5722734115433225,0.5709996383934631,0.5716365249683928,1.123449269375761,1.9516498999176528,1.5375495846467069,46.54627437771329,44.758070840701485,45.65217260920738,0.5964553820526802,0.6541551006713793,0.6253052413620297,2.7022293723277846,3.53544173733742,3.1188355548326023,47.24964694744509,45.783514461331166,46.51658070438813
20251112030,2025,Round 20,Panthers,Rabbitohs,30,10,1,20,40,0.7897389162545617,0.7749077490774907,,0.7749546279491834,0.8405569173181598,0.7845431245424961,0.812550020930328,15.719771664938726,12.515773542119321,14.117772603529023,44.16083900258258,43.2362810625549,43.698560032568736,0.8464779036936463,0.7659582182889446,0.8062180609912954,15.651355104073836,16.574500982773834,16.112928043423835,44.13717688896561,44.39735989229401,44.26726839062981
20251112040,2025,Round 20,Raiders,Eels,40,16,1,24,56,0.7773890605084174,0.7142857142857143,,0.8171875,0.8223380149154454,0.7510400202301802,0.7866890175728128,15.043540069349689,13.38313026930436,14.213335169327024,45.59751541593167,46.203735218873824,45.90062531740274,0.816119671946895,0.7165731386439772,0.7663464052954361,14.215970465728088,15.095090107678319,14.655530286703204,46.403312600501955,46.53804068308531,46.47067664179363
20251112050,2025,Round 20,Bulldogs,Dragons,20,18,1,2,38,0.7316009313954626,0.7142857142857143,,0.773308957952468,0.8020837384365186,0.8079235433275782,0.8050036408820485,12.450083693349011,9.801733200244282,11.125908446796647,44.31778565881639,43.26057483463674,43.789180246726566,0.7995610654778279,0.7938026687136567,0.7966818670957423,11.885440991768771,14.583304377597864,13.234372684683319,44.0576966578189,44.603661368435354,44.330679013127124
20251112060,2025,Round 20,Storm,Sea Eagles,16,18,0,-2,34,0.7563640799745067,0.7096069868995633,,0.7405189620758482,0.768599805196663,0.7037185107033348,0.7361591579499989,11.934944873288323,15.288201840936027,13.611573357112174,45.8306101585334,44.033270511013875,44.93194033477364,0.7627058202294417,0.691702431220693,0.7272041257250673,11.394530549161948,11.344401905144162,11.369466227153055,46.728868541179416,46.272308942158745,46.50058874166908
20251112070,2025,Round 20,Wests Tigers,Titans,21,20,1,1,41,0.599610542248765,0.6155778894472362,,0.5761421319796954,0.7369253983059754,0.7096667662684889,0.7232960822872321,9.336596383789932,7.8628051094873275,8.599700746638629,46.98885810334578,46.90077550004448,46.944816801695126,0.7348587709332755,0.6717134855460793,0.7032861282396774,9.310102473933838,8.400752576940793,8.855427525437316,47.866097809365144,46.39301666820164,47.12955723878339
20251112080,2025,Round 20,Knights,Warriors,15,20,0,-5,35,0.4229280118107978,0.3627450980392157,,0.3325635103926097,0.4084617698666962,0.4851337979347623,0.4467977839007292,-6.287567639686998,0.9838147788316172,-2.6518764304276905,41.913695223758786,44.02906907219682,42.971382147977806,0.3665596317699702,0.40219116237392905,0.3843753970719496,-8.015333850792414,-0.5348598472994641,-4.275096849045939,43.93913795079049,45.04060920834824,44.48987357956936
20251112110,2025,Round 21,Roosters,Storm,30,34,0,-4,64,0.4238597166761724,0.3658536585365854,,0.401496259351621,0.3485844022436844,0.4858466964039993,0.41721554932384186,-8.34037330972697,-0.604346032699465,-4.472359671213217,47.49082466574023,49.79042592449762,48.64062529511892,0.3219108601488968,0.41548793706412135,0.3686993986065091,-9.126157957537558,-1.7283002349101522,-5.427229096223855,48.77395533797181,47.56561614675241,48.16978574236211
20251112120,2025,Round 21,Cowboys,Dragons,38,32,1,6,70,0.5825595003114908,0.6125,,0.5822784810126582,0.4947885682428732,0.4763584751820831,0.48557352171247814,-1.8603472884569543,1.953172125228281,0.046412418385663345,47.42545832969674,47.81851551252263,47.62198692110968,0.5533505894286326,0.5260784144780511,0.5397145019533418,1.4763161050394207,4.855457891270713,3.1658869981550666,48.7663345346386,47.72480252824873,48.245568531443666
20251112130,2025,Round 21,Broncos,Eels,20,22,0,-2,42,0.7401352310038506,0.7894736842105263,,0.8105939004815409,0.7896503668756506,0.7671287352806684,0.7783895510781595,12.740792896795671,11.625663291372025,12.183228094083848,46.27953648096766,46.203735218873824,46.24163584992074,0.8245416372835129,0.8211203897898705,0.8228310135366916,14.893925028454214,12.973584293013742,13.933754660733978,47.11084707959175,46.77355709955626,46.942202089574
20251112140,2025,Round 21,Warriors,Titans,16,24,0,-8,40,0.7876015112136011,0.7234042553191489,,0.7557692307692307,0.8500586999921943,0.7524852038240686,0.8012719519081315,16.411042127944246,12.669001303472045,14.540021715708146,45.3463372784858,44.379868165267666,44.86310272187673,0.8272809633356927,0.798073421772489,0.8126771925540908,14.293788686761667,15.370990372605851,14.83238952968376,46.86677038685548,44.81401889178524,45.84039463932036
20251112150,2025,Round 21,Panthers,Wests Tigers,36,2,1,34,38,0.811590255784798,0.7619047619047619,,0.7938144329896907,0.8456337383910442,0.8287362660923973,0.8371850022417207,16.053234169037847,14.812006560978503,15.432620365008175,43.19472286967407,43.160653743245135,43.1776883064596,0.8335159649467715,0.7979970285988556,0.8157564967728135,14.843074194313331,14.121399411038283,14.482236802675807,44.7250395652201,44.36289929968705,44.54396943245358
20251112160,2025,Round 21,Rabbitohs,Sharks,12,14,0,-2,26,0.2857361590160041,0.2265193370165745,,0.1976744186046511,0.3167597626385137,0.24561795975928247,0.2811888611988981,-9.718465308229433,-5.659478476406759,-7.688971892318096,45.3192333921868,46.496007094916536,45.90762024355167,0.2554648909173115,0.19302341083637373,0.22424415087684263,-12.23767346627542,-10.24338387531813,-11.240528670796774,48.99870163196252,48.27835122760533,48.63852642978392
20251112170,2025,Round 21,Raiders,Knights,44,18,1,26,62,0.7779796664962174,0.7894736842105263,,0.8163265306122449,0.7750562239166783,0.7195321328619413,0.7472941783893098,12.694929325598345,12.441051893757601,12.567990609677974,38.39560916533717,39.928304895750784,39.161957030543974,0.8099349228662495,0.7470440871412373,0.7784895050037434,14.207010664003803,13.016593555749608,13.611802109876706,36.882094365094474,45.255700817917635,41.06889759150606
20251112180,2025,Round 21,Bulldogs,Sea Eagles,42,4,1,38,46,0.5670219089386149,0.5949367088607596,,0.5904522613065327,0.627180455910941,0.6813513717847938,0.6542659138478674,3.6976335399394786,6.39102082455788,5.044327182248679,41.905936653133224,41.25185857436208,41.57889761374766,0.63723714173192,0.6908408016461722,0.6640389716890461,4.004526051939636,8.416318075179138,6.2104220635593865,42.459741780960535,44.025639811807544,43.24269079638404
20251112210,2025,Round 22,Eels,Storm,10,16,0,-6,26,0.2497061647705551,0.3,,0.2699386503067484,0.2532774620783305,0.26420794314514345,0.258742702611737,-13.460668516684791,-6.176349047297124,-9.818508781990957,41.79604041323039,46.06514736903702,43.93059389113371,0.25373050309607864,0.25723660163799295,0.2554835523670358,-12.227487510247729,-7.85609581954236,-10.041791664895044,43.10844660834657,47.67046222626305,45.389454417304805
20251112220,2025,Round 22,Warriors,Dolphins,18,20,0,-2,38,0.5377567106937243,0.549738219895288,,0.3935643564356436,0.5368976741252778,0.42317242002348066,0.4800350470743792,-1.110271223052334,-3.201246823380595,-2.1557590232164645,46.479029431429936,45.68650929686269,46.082769364146316,0.5675862007900612,0.4173795142792126,0.4924828575346369,0.9306763372144813,-5.024462430357798,-2.0468930465716584,47.26295789784545,46.28081654355354,46.7718872206995
20251112230,2025,Round 22,Broncos,Rabbitohs,60,14,1,46,74,0.7370679742705365,0.8010118043844856,,0.8634686346863468,0.7043451329687773,0.7410682177917322,0.7227066753802547,7.770991026820425,8.4763978519521,8.123694439386263,44.714852003734954,43.27628020283628,43.99556610328562,0.7740691857487175,0.7594032878763558,0.7667362368125367,11.269466245291019,12.360594544052761,11.81503039467189,45.97372081877548,46.286318138345614,46.13001947856055
20251112240,2025,Round 22,Titans,Panthers,26,30,0,-4,56,0.2796787922733046,0.2366412213740457,,0.1993355481727574,0.20159931213375393,0.23692310216254128,0.21926120714814762,-15.551325316593303,-12.189520076775663,-13.870422696684482,43.92498404376587,47.34405214771047,45.63451809573817,0.18024201121885633,0.17529487516135242,0.17776844319010437,-15.991584023457879,-16.12688978582839,-16.059236904643136,47.53996667476047,47.21620505336826,47.37808586406437
20251112250,2025,Round 22,Dragons,Raiders,18,12,1,6,30,0.3397672705201575,0.3493975903614458,,0.3147321428571428,0.2867787321203967,0.2286003732361888,0.25768955267829274,-11.406308845863277,-8.138746219091626,-9.77252753247745,43.18517802606257,45.51887246574323,44.3520252459029,0.29588537977501006,0.23422988273423778,0.2650576312546239,-10.214396659953369,-9.842309033220708,-10.028352846587039,42.626529334461296,44.95156314061511,43.7890462375382
20251112260,2025,Round 22,Sea Eagles,Roosters,4,20,0,-16,24,0.5255695395633877,0.549738219895288,,0.5129533678756476,0.5722036649092967,0.5925240909589732,0.5823638779341349,0.663766795877244,5.863754442749956,3.2637606193136,41.004023707315916,40.75243364134815,40.878228674332036,0.5899185558072426,0.5640777711072192,0.576998163457231,1.7400587566732333,0.5802131629090113,1.1601359597911223,40.844375579556306,44.826174763825975,42.83527517169114
20251112270,2025,Round 22,Wests Tigers,Bulldogs,28,14,1,14,42,0.2896643565112222,0.2366412213740457,,0.26,0.21990465694263459,0.2040563511846345,0.21198050406363456,-14.721344342092383,-12.26631118630313,-13.493827764197757,38.123009322160364,43.20040449614981,40.661706909155086,0.20398576723011216,0.18043427793285077,0.19221002258148145,-15.093070256620614,-14.076183337717495,-14.584626797169054,39.15190120264139,46.499225657197044,42.825563429919214
20251112280,2025,Round 22,Sharks,Cowboys,32,12,1,20,44,0.7104695624082676,0.6849315068493151,,0.7103004291845494,0.7974817328139366,0.7306006838805061,0.7640412083472214,12.371677397727222,8.13064715812702,10.251162277927122,41.90445505126107,44.16050570819642,43.03248037972874,0.783682101106829,0.7642168436298626,0.7739494723683458,11.272841249202752,8.972248025150277,10.122544637176514,41.45872665845026,43.953086886661985,42.70590677255612
20251112310,2025,Round 23,Storm,Broncos,22,2,1,20,24,0.73216843840055,0.6432038834951456,,0.6237864077669902,0.7477943409393789,0.75129183029049,0.7495430856149344,9.751556598180185,10.261177226501239,10.006366912340713,47.353092502601285,46.8058590775938,47.07947579009755,0.722527861825765,0.7005985270859808,0.7115631944558729,8.418193166220501,10.537064744465473,9.477628955342986,47.506074801729156,46.367761633645394,46.93691821768728
20251112320,2025,Round 23,Knights,Panthers,12,48,0,-36,60,0.3031403658320935,0.2427184466019417,,0.2140350877192982,0.2501403328957775,0.20027106287308605,0.22520569788443176,-13.633372219915561,-15.93673779215529,-14.785055006035424,37.169910134243274,43.96393225274005,40.566921193491666,0.21291677588093424,0.1665784893456004,0.18974763261326733,-15.413948686473603,-17.076785904831,-16.2453672956523,38.053322016946865,45.63604462368064,41.84468332031375
20251112330,2025,Round 23,Raiders,Sea Eagles,28,12,1,16,40,0.6941633701113578,0.667447306791569,,0.6787330316742082,0.740876533202765,0.7257816259285971,0.733329079565681,10.475487087082133,13.41952347368935,11.947505280385741,44.50681769447013,45.72045683603974,45.11363726525494,0.7293476621620377,0.6668962197151777,0.6981219409386077,9.284453900995782,7.43013925281576,8.357296576905771,45.49101433663696,47.68592141305108,46.588467874844014
20251112340,2025,Round 23,Dragons,Sharks,22,14,1,8,36,0.3917336034237162,0.3703703703703704,,0.334106728538283,0.39490041285293925,0.3851279109358526,0.3900141618943959,-5.680852417885413,-6.892325668105896,-6.286589042995654,40.773878011197006,40.107469300571935,40.44067365588447,0.3700299721926526,0.4171620411620505,0.39359600667735156,-6.544131397039408,-6.4811712968848125,-6.512651346962111,41.45947056883102,43.72318927898237,42.5913299239067
20251112350,2025,Round 23,Dolphins,Roosters,12,64,0,-52,76,0.5630644678393595,0.4868421052631579,,0.4689119170984456,0.5743887988789222,0.6453344942410755,0.6098616465599989,1.8628416535280372,7.0345751794792175,4.448708416503627,47.95159078057616,45.46900575291102,46.71029826674359,0.5177821195868556,0.6326455690222722,0.5752138443045639,-0.8634085896656019,3.846728337937807,1.4916598741361027,49.130958311236725,45.74777320642128,47.439365758829
20251112360,2025,Round 23,Bulldogs,Warriors,32,14,1,18,46,0.6441171451846054,0.7291666666666667,,0.6938325991189427,0.6776914614822491,0.752622664271064,0.7151570628766566,6.143959109755814,8.22067455461864,7.182316832187227,37.339951164305724,40.1794819108387,38.75971653757222,0.7343945892535982,0.7847808320604113,0.7595877106570048,8.640730546931064,9.92500832120272,9.282869434066892,35.498383034241584,42.77950852333267,39.13894577878713
20251112370,2025,Round 23,Titans,Rabbitohs,18,20,0,-2,38,0.5663535624061853,0.6356968215158926,,0.5985037406483791,0.5962640790710092,0.6423662831852311,0.6193151811281201,2.860680274752758,7.10660606051004,4.983643167631399,47.02380636476115,45.937154975580164,46.48048067017066,0.639244045325357,0.6363198614226119,0.6377819533739844,5.402873789297605,6.993593710790752,6.198233750044178,50.5367239894251,46.98590968227924,48.76131683585217
20251112380,2025,Round 23,Eels,Cowboys,19,18,1,1,37,0.5183886913675102,0.586734693877551,,0.6044776119402985,0.600756179196738,0.6353637315510071,0.6180599553738726,2.0933606388167227,1.672171414676343,1.8827660267465327,46.47523496614002,44.39586093717939,45.43554795165971,0.6234846859762407,0.5041574719190602,0.5638210789476505,3.002077962424199,4.986396455155722,3.9942372087899605,47.13582136497781,44.3627366721164,45.7492790185471
20251112410,2025,Round 24,Panthers,Storm,18,22,0,-4,40,0.4968442131183619,0.5238095238095238,,0.6445497630331753,0.6175062263664127,0.6374553383777909,0.6274807823721018,3.67580760206861,3.7283637545907484,3.702085678329679,39.588905430859256,41.29677846709934,40.44284194897929,0.6240841276652475,0.6086875795395784,0.6163858536024129,3.4551754288374785,0.5787744505273598,2.0169749396824193,36.70760064650486,40.46509810165753,38.586349374081195
20251112420,2025,Round 24,Warriors,Dragons,14,10,1,4,24,0.621414005166829,0.6155778894472362,,0.6195121951219512,0.6588029752368625,0.670475260801578,0.6646391180192203,4.9738374555685745,5.511434853833957,5.242636154701266,44.593436028808235,44.629355866903346,44.61139594785579,0.6679370779734426,0.7046436052182556,0.6862903415958491,5.173282595971484,5.821198080215416,5.49724033809345,44.117715907149275,45.238218757763555,44.67796733245642
20251112430,2025,Round 24,Roosters,Bulldogs,32,12,1,20,44,0.580331044131625,0.4285714285714286,,0.4716494845360826,0.5532078946046292,0.5352527143272618,0.5442303044659456,1.8857769289290893,1.2636450854905608,1.574711007209825,45.415858589481495,46.77872504446588,46.09729181697369,0.4881111659096135,0.5429259503545432,0.5155185581320784,-1.5669383984302483,0.29125115339508967,-0.6378436225175793,44.30399608492439,44.29286171517359,44.29842890004899
20251112440,2025,Round 24,Sharks,Titans,54,22,1,32,76,0.7916780814333844,0.7263157894736842,,0.7071583514099783,0.8103075185208005,0.7452711587797233,0.7777893386502619,13.308981291315336,12.539124433210791,12.924052862263064,45.5760303109336,44.78313826156714,45.17958428625037,0.8044157747083938,0.7659966298162486,0.7852062022623212,13.03056156596989,11.856990888980848,12.443776227475368,48.004924181965805,47.963353096055265,47.98413863901054
20251112450,2025,Round 24,Broncos,Dolphins,38,28,1,10,66,0.5801959092033221,0.5714285714285715,,0.5736040609137056,0.6569848136875498,0.6950916562187461,0.676038234953148,4.812538573253482,2.4097493153588165,3.611143944306149,48.18551885073008,46.82429853679105,47.50490869376056,0.6438574281370184,0.6738042191237537,0.658830823630386,4.545104013896328,2.1479269705012114,3.34651549219877,49.46319102280612,45.20280796146993,47.33299949213803
20251112460,2025,Round 24,Rabbitohs,Eels,20,16,1,4,36,0.4701916182747884,0.4201030927835051,,0.3333333333333333,0.4606838071206047,0.37514354063876554,0.41791367387968514,-3.0027017265890557,-8.220270376572808,-5.611486051580932,44.69142933926368,44.605062094821506,44.64824571704259,0.42996367956256204,0.3578158237989588,0.39388975168076046,-3.95585149983161,-11.632201544924571,-7.794026522378091,47.17576875053362,45.62010050715243,46.397934628843025
20251112470,2025,Round 24,Wests Tigers,Sea Eagles,26,12,1,14,38,0.4018829912199428,0.3765586034912718,,0.4311224489795918,0.42780354481818866,0.43293638956174746,0.43036996718996806,-4.163477063835426,-3.919254670557931,-4.041365867196679,43.16312760454121,45.82735126055278,44.495239432546995,0.39713929570988804,0.4348222665504021,0.4159807811301451,-5.1747641328387255,-7.342615186433189,-6.258689659635957,46.837054412899995,47.578181633047116,47.207618022973556
20251112480,2025,Round 24,Cowboys,Knights,38,4,1,34,42,0.6317514523241188,0.6506024096385543,,0.7109207708779444,0.6698739730126204,0.5607677966164814,0.6153208848145508,6.944719486897027,2.707974454741222,4.826346970819125,45.732146040184396,44.60174803417103,45.166947037177714,0.6958983280691723,0.5977638434400422,0.6468310857546072,8.530252275402978,5.128343454469242,6.82929786493611,46.897662713257915,46.3159561723588,46.606809442808355
20251112510,2025,Round 25,Rabbitohs,Dragons,40,0,1,40,40,0.496438207685529,0.4186046511627907,,0.5192802056555269,0.4589873942821567,0.3792140601735938,0.4191007272278753,-3.361580374444758,-3.619505469024833,-3.4905429217347956,39.83540521157963,40.883285333137735,40.35934527235868,0.4462339395099443,0.4230654571869332,0.43464969834843875,-3.9977588492242706,-3.3107470789142317,-3.654252964069251,37.28589200857904,41.10934972279449,39.197620865686766
20251112520,2025,Round 25,Panthers,Raiders,16,20,0,-4,36,0.52880013367242,0.5526315789473685,,0.5945273631840796,0.6280210111334001,0.6947485012610891,0.6613847561972446,3.725848206688206,6.333887723039823,5.029867964864015,44.923124458295405,44.6375447425406,44.780334600418,0.6450087643257916,0.6512830787980147,0.6481459215619032,3.6984862278447546,2.7035631144619416,3.2010246711533483,42.32278475310297,42.53880928706852,42.43079702008575
20251112530,2025,Round 25,Storm,Bulldogs,20,14,1,6,34,0.7259053997439824,0.6705882352941177,,0.6596736596736597,0.6987794763911045,0.7205458481579493,0.7096626622745269,7.648157620053483,13.963378589286954,10.805768104670218,43.18186013167739,43.094130732245766,43.13799543196158,0.7062265784403214,0.7006881311895939,0.7034573548149576,7.052227533512723,9.735705304988608,8.393966419250665,41.25289212772254,43.78667891134047,42.51978551953151
20251112540,2025,Round 25,Sea Eagles,Dolphins,58,30,1,28,88,0.4957099699409794,0.5394736842105263,,0.4818652849740932,0.5879947453925998,0.526387196642425,0.5571909710175124,0.8260552410158892,-2.0334140255977986,-0.6036793922909547,46.47740319100668,44.3823183669779,45.42986077899229,0.60332170323928,0.5735573818580053,0.5884395425486426,2.4230547353195724,1.8222941679727487,2.1226744516461604,48.43062802931847,45.307757203165096,46.86919261624178
20251112550,2025,Round 25,Titans,Warriors,18,32,0,-14,50,0.3736443421726075,0.4186046511627907,,0.4347826086956521,0.2699297397646391,0.38625339681896514,0.3280915682918021,-11.296763943133845,-1.8169930657757036,-6.556878504454774,45.602768102863934,46.12333974248626,45.86305392267509,0.3062876736885253,0.4233398686815606,0.36481377118504293,-8.705168788527644,-1.8908388123295827,-5.298003800428614,47.7906388285953,47.731143651286345,47.76089123994082
20251112560,2025,Round 25,Eels,Roosters,30,10,1,20,40,0.3040371279787454,0.2857142857142857,,0.2765072765072765,0.2973756234415799,0.28317279553351754,0.29027420948754873,-11.67087232080101,-4.426734234405271,-8.04880327760314,45.74956969167306,44.7492716509875,45.249420671330284,0.28188615273743856,0.2702873280962151,0.2760867404168268,-11.381893162988405,-6.8892668978784215,-9.135580030433413,48.43281545306178,48.99612831659466,48.714471884828214
20251112570,2025,Round 25,Knights,Broncos,12,46,0,-34,58,0.3527242557837315,0.308390022675737,,0.2368421052631579,0.35398680568630314,0.263575036066891,0.30878092087659703,-8.72010920021545,-7.217499359711243,-7.968804279963347,45.047227263628926,47.92891376537394,46.48807051450143,0.3198550334431693,0.21129289308279225,0.2655739632629808,-9.029184595966562,-10.987324971148396,-10.00825478355748,47.41402817146641,47.319993580483846,47.367010875975126
20251112580,2025,Round 25,Wests Tigers,Cowboys,28,34,0,-6,62,0.5285656064601096,0.5526315789473685,,0.5772151898734177,0.5442744660293718,0.5887560090329553,0.5665152375311635,-0.3129259558697548,2.451523638488495,1.06929884130937,46.05680014378881,44.73700766848099,45.3969039061349,0.5604778620609856,0.5440684981404068,0.5522731801006961,0.666464783893596,1.878993185005354,1.2727289844494751,48.070194457861376,45.811812576811334,46.941003517336355
20251112610,2025,Round 26,Bulldogs,Panthers,28,4,1,24,32,0.5094060205419992,0.393939393939394,,0.8807439824945296,0.8481900859973422,0.6960069347652883,0.7720985103813153,17.571800110476445,6.977229583764515,12.27451484712048,43.06697834969441,42.83864237744615,42.95281036357028,0.7627976524220876,0.6985115550875909,0.7306546037548393,12.220977584898854,3.19010201227079,7.705539798584822,44.544884512931574,46.135754253268864,45.34031938310022
20251112620,2025,Round 26,Warriors,Eels,22,26,0,-4,48,0.6875592110135107,0.606060606060606,,0.6185819070904646,0.7235759693606089,0.7275212513931832,0.725548610376896,8.676599869427495,6.551995685033129,7.614297777230312,37.59818345775744,37.479027625364566,37.538605541561004,0.6997136150901363,0.6673001581116281,0.6835068866008822,7.049283619940561,9.103356592726216,8.07632010633339,36.697401105777296,41.719179498243555,39.208290302010425
20251112630,2025,Round 26,Storm,Roosters,10,40,0,-30,50,0.7223889284428147,0.6372549019607844,,0.5347043701799487,0.6134413731929982,0.7077065553702271,0.6605739642816126,2.259929184005901,7.375585398320351,4.817757291163126,46.161421008802186,44.277487604324364,45.21945430656328,0.6195890093218532,0.6932329983351491,0.6564110038285011,2.1338099063910048,8.080596477659995,5.1072031920255,45.56915606387976,45.06469879446475,45.31692742917225
20251112640,2025,Round 26,Raiders,Wests Tigers,24,10,1,14,34,0.7933485549320137,0.748502994011976,,0.7913793103448277,0.8164529067899366,0.7925520526652726,0.8045024797276046,14.403164669811854,16.28959232850873,15.346378499160291,45.302858566220046,44.019940190430255,44.66139937832515,0.8095766232016739,0.7633293498124784,0.7864529865070762,13.684153231048294,12.558612002672556,13.121382616860425,47.76689258416378,44.73998207734047,46.25343733075212
20251112650,2025,Round 26,Dragons,Sea Eagles,24,40,0,-16,64,0.5087276751046047,0.4868421052631579,,0.4896907216494846,0.46110621376939925,0.46536221652602533,0.4632342151477123,-3.4849752388095103,0.06052797197330265,-1.7122236334181038,44.453921771306746,43.92052364265575,44.187222706981245,0.45587883662321954,0.3903184188013486,0.42309862771228407,-3.275416756267708,-6.128488946470951,-4.701952851369329,46.782370314239216,45.4461269075323,46.11424861088576
20251112660,2025,Round 26,Cowboys,Broncos,30,38,0,-8,68,0.4519852073372951,0.3703703703703704,,0.3662650602409638,0.40957665537578397,0.27878563279419116,0.34418114408498757,-5.497873482309743,-6.4847947161355695,-5.991334099222656,48.22768739783936,48.14197825204224,48.1848328249408,0.3734411019926465,0.32960518201933453,0.35152314200599055,-5.959350806173978,-3.0587583278786488,-4.509054567026313,50.85124944664336,48.78011154008736,49.81568049336536
20251112670,2025,Round 26,Sharks,Knights,40,16,1,24,56,0.8030563911481023,0.8426966292134831,,0.8716136631330977,0.8882919983237053,0.7772545080904371,0.8327732532070712,21.352857975334246,15.093753159182926,18.223305567258585,44.74066183035479,47.51732183548196,46.12899183291837,0.9007417330418875,0.7954101957385201,0.8480759643902038,22.136474101231798,17.950271898534282,20.04337299988304,46.29762806385932,47.18431356060047,46.7409708122299
20251112680,2025,Round 26,Dolphins,Titans,36,30,1,6,66,0.7435168731785547,0.5714285714285715,,0.6780045351473922,0.7622981976148661,0.7262244864421311,0.7442613420284986,11.577877733246039,12.345832570053595,11.961855151649818,51.11335983196191,47.728246295200044,49.420803063580976,0.6978871604258475,0.6618572350344706,0.6798721977301591,8.3032622125871,7.878647578014905,8.090954895301003,54.01179115521989,49.808037460338284,51.90991430777909
20251112710,2025,Round 27,Broncos,Storm,30,14,1,16,44,0.4451297568587791,0.5,,0.3728813559322033,0.4294206912962666,0.5019457753788804,0.4656832333375735,-3.9583979778764036,0.6670310558872624,-1.6456834609945705,46.48219743877717,45.89571746836736,46.188957453572264,0.44157218149367544,0.5723326369246965,0.5069524092091859,-3.2749255798813266,-0.9029983042975133,-2.08896194208942,48.66738678456274,47.73489738284834,48.201142083705534
20251112720,2025,Round 27,Sea Eagles,Warriors,27,26,1,1,53,0.558942085685238,0.6296296296296295,,0.6411483253588518,0.5857940689266162,0.5098280717751204,0.5478110703508683,2.757274907792354,0.5792830380775769,1.6682789729349654,44.1790825634557,44.114805648158836,44.146944105807265,0.6270660934559515,0.5013719200075468,0.5642190067317492,4.860224214329657,1.5679685286029539,3.2140963714663053,46.00364653121962,45.560196459547576,45.7819214953836
20251112730,2025,Round 27,Roosters,Rabbitohs,36,6,1,30,42,0.7864519781904864,0.6744186046511629,,0.7697974217311234,0.833385984488169,0.7371564589648667,0.7852712217265179,16.342189830963633,15.582170603479055,15.962180217221345,45.8218949929358,46.21092738613953,46.01641118953766,0.7933111653963799,0.7864369209625467,0.7898740431794633,13.15215530210459,13.86333407122446,13.507744686664525,48.44620970887968,48.14059021850399,48.29339996369183
20251112740,2025,Round 27,Dragons,Panthers,20,40,0,-20,60,0.3419798907435331,0.3,,0.1678939617083946,0.22466532071303655,0.20914720257573735,0.21690626164438695,-14.693462218304923,-11.30650609207248,-12.999984155188702,43.86131420073271,45.577936809736016,44.71962550523436,0.21855794016318825,0.19140098276778264,0.20497946146548546,-14.203190854128977,-13.875274244040254,-14.039232549084616,47.13204035820526,46.88845038008122,47.010245369143234
20251112750,2025,Round 27,Titans,Wests Tigers,36,28,1,8,64,0.4850740394194998,0.4868421052631579,,0.4909560723514211,0.4661580109184639,0.5036898205505127,0.48492391573448834,-2.1924802054518286,-2.4414392449031843,-2.3169597251775063,46.58275965907023,44.09822126407266,45.34049046157145,0.45281563285199117,0.4423585987849564,0.44758711581847377,-1.541115352503648,-4.214991316854656,-2.878053334679152,51.553519280169716,46.57873222259803,49.06612575138387
20251112760,2025,Round 27,Bulldogs,Sharks,6,24,0,-18,30,0.5759807912584989,0.5897435897435896,,0.638755980861244,0.6642048962812097,0.7100676831737448,0.6871362897274773,4.941452195739534,6.339647655053715,5.640549925396624,42.93590375858488,42.877428260770856,42.90666600967786,0.6680228027201641,0.6607442531802319,0.664383527950198,5.045220727314938,5.597732196817313,5.3214764620661255,43.6570179775746,45.309757841100634,44.483387909337615
20251112770,2025,Round 27,Dolphins,Raiders,62,24,1,38,86,0.4141328530211335,0.695067264573991,,0.7720588235294118,0.5805423678165802,0.549390342672525,0.5649663552445525,4.078822662001152,-0.02122531588826678,2.0287986730564427,49.58261095785636,49.39073613446334,49.48667354615985,0.7225115065614243,0.713767605090588,0.7181395558260062,12.596393438316932,1.1851217092584114,6.890757573787671,51.96945033642649,50.023351498734954,50.99640091758072
20251112780,2025,Round 27,Eels,Knights,66,10,1,56,76,0.6811023288097375,0.7572815533980582,,0.7989949748743719,0.8001096562475173,0.7864669176515036,0.7932882869495104,13.296272716860122,11.630562706849561,12.463417711854841,43.45505120645484,43.69002223721848,43.572536721836656,0.820235460039217,0.7398025147479141,0.7800189873935656,14.2190729363699,9.636858593954672,11.927965765162286,45.955501762412716,45.453789912350025,45.70464583738137
20251112810,2025,Finals Week 1,Storm,Bulldogs,26,18,1,8,44,0.6808739392032376,0.6341463414634148,,0.6612529002320187,0.6889010649296436,0.5961052330197,0.6425031489746718,7.631394097410672,1.685156950491769,4.65827552395122,41.19233380172833,41.63855460028744,41.41544420100789,0.689725672197457,0.6117057301216302,0.6507157011595436,6.884647154456013,1.1923685399638142,4.038507847209914,39.05542392658149,41.77279132711212,40.4141076268468
20251112820,2025,Finals Week 1,Warriors,Panthers,8,24,0,-16,32,0.4402714403729822,0.3,,0.2626262626262626,0.40155642321207086,0.32905132168670653,0.36530387244938867,-6.193442615393561,-5.614932324482269,-5.904187469937915,37.561664506090096,39.30505025562749,38.433357380858794,0.3339360349292616,0.28166574598214994,0.3078008904557058,-9.268859368120575,-6.535478380975837,-7.902168874548206,37.91436230462289,42.908534620232615,40.41144846242776
20251112830,2025,Finals Week 1,Sharks,Roosters,20,10,1,10,30,0.5450907679551247,0.4315245478036175,,0.4278481012658227,0.5213015886964811,0.550653753052331,0.5359776708744061,-1.1901152714993533,0.9994011028797535,-0.09535708430979989,45.454660294147025,45.2751243954004,45.36489234477371,0.47512087771022776,0.5775777457098963,0.526349311710062,-2.6992804514497344,1.1803626216878946,-0.7594589148809199,47.06511902435231,45.26072799855593,46.162923511454125
20251112840,2025,Finals Week 1,Raiders,Broncos,28,29,0,-1,57,0.5627515052668072,0.5769230769230769,,0.5757575757575757,0.6539405523646965,0.5829633879679216,0.618451970166309,4.854454588204295,2.0497515401733546,3.4521030641888246,46.24805837013966,45.44012940555415,45.84409388784691,0.6657012378667853,0.48673165425512926,0.5762164460609572,5.620783050789365,2.026115725497969,3.823449388143667,45.906165159510664,45.57815032903335,45.742157744272006
20251112910,2025,Finals Week 2,Raiders,Sharks,12,32,0,-20,44,0.5279026658414508,0.6203473945409429,,0.5435897435897437,0.5515461424255199,0.5331779034559231,0.5423620229407216,1.0586426213484115,-3.925466870510281,-1.4334121245809346,44.362791446213194,44.5788017524411,44.470796599327144,0.6183583516462023,0.6109400178080753,0.6146491847271388,4.318189974664271,-0.7681378064870297,1.775026084088621,45.54498187135374,45.622424355031434,45.583703113192584
20251112920,2025,Finals Week 2,Bulldogs,Panthers,26,46,0,-20,72,0.4841164127846857,0.3380614657210402,,0.3032967032967032,0.40441974400168634,0.3249682909732617,0.364694017487474,-6.482800916558752,-4.956605492031478,-5.719703204295115,40.96726587352045,44.366341529335436,42.66680370142794,0.34494578960380856,0.31013749160192816,0.3275416406028684,-9.816235551495058,-8.767946869889277,-9.292091210692167,40.614499895817374,41.07138369698912,40.84294179640325
20251113010,2025,Finals Week 3,Storm,Sharks,22,14,1,8,36,0.597619050521793,0.6490384615384616,,0.7151898734177216,0.6377585335995825,0.5256406387336549,0.5816995861666187,4.776931244960428,0.013975351342103287,2.3954532981512657,43.40110177897407,44.79841884981441,44.099760314394246,0.7009114089857683,0.6136596306966247,0.6572855198411964,7.725174803815094,0.6057848659527236,4.165479834883909,41.44585001336569,43.996680233530604,42.72126512344815
20251113020,2025,Finals Week 3,Broncos,Panthers,16,14,1,2,30,0.5227705332844446,0.450261780104712,,0.4387755102040816,0.36919832865936114,0.4996224205490011,0.4344103746041811,-7.196653405043463,0.34111546618615335,-3.427768969428655,46.211845451337794,46.121471570007905,46.166658510672846,0.3636100935033724,0.5070158459571068,0.4353129697302396,-7.551011111830535,-2.9077829050714525,-5.229397008450993,47.48461261686897,45.58782727906183,46.5362199479654
20251113110,2025,Grand Final,Storm,Broncos,22,26,0,-4,48,0.5814261981975235,0.5584415584415584,0.5555555555555556,0.5685279187817259,0.7009232702861748,0.6850593621847438,0.6929913162354593,7.2680582098654885,4.1058807780760205,5.6869694939707545,45.272773215759926,45.734644459557025,45.50370883765848,0.6908752635110827,0.6513897580495595,0.6711325107803211,6.453503860768161,1.1709034068793684,3.812203633823765,43.1472412951209,44.13654872966301,43.641895012391956
